"Order ID","Customer Name","Product Name",Sales
CA-2014-145317,"Sean Miller","Cisco TelePresence System EX90 Videoconferencing Unit",22638.48
CA-2016-118689,"Tamara Chand","Canon imageCLASS 2200 Advanced Copier",17499.95
CA-2017-140151,"Raymond Buch","Canon imageCLASS 2200 Advanced Copier",13999.96
CA-2017-127180,"Tom Ashbrook","Canon imageCLASS 2200 Advanced Copier",11199.968
CA-2017-166709,"Hunter Lopez","Canon imageCLASS 2200 Advanced Copier",10499.97
CA-2016-117121,"Adrian Barton","GBC Ibimaster 500 Manual ProClick Binding System",9892.74
CA-2014-116904,"Sanjit Chand","Ibico EPK-21 Electric Binding System",9449.95
US-2016-107440,"Bill Shonely","3D Systems Cube Printer, 2nd Generation, Magenta",9099.93
CA-2016-158841,"Sanjit Engle","HP Designjet T520 Inkjet Large Format Printer - 24 Color",8749.95
CA-2016-143714,"Christopher Conant","Canon imageCLASS 2200 Advanced Copier",8399.976
CA-2014-143917,"Ken Lonsdale","High Speed Automatic Electric Letter Opener",8187.65
CA-2014-139892,"Becky Martin","Lexmark MX611dhe Monochrome Laser Printer",8159.952
US-2017-168116,"Grant Thornton","Cubify CubeX 3D Printer Triple Head Print",7999.98
CA-2014-145541,"Tom Boeckenhauer","HP Designjet T520 Inkjet Large Format Printer - 24 Color",6999.96
CA-2015-145352,"Christopher Martinez","Fellowes PB500 Electric Punch Plastic Comb Binding Machine with Manual Bind",6354.95
CA-2017-138289,"Andy Reiter","GBC DocuBind P400 Electric Binding System",5443.96
US-2016-140158,"Daniel Raglin","Hewlett Packard LaserJet 3310 Copier",5399.91
CA-2017-143112,"Todd Sumrall","3D Systems Cube Printer, 2nd Generation, Magenta",5199.96
CA-2017-135909,"Jane Waco","Fellowes PB500 Electric Punch Plastic Comb Binding Machine with Manual Bind",5083.96
CA-2016-136301,"Edward Hooks","High Speed Automatic Electric Letter Opener",4912.59
US-2016-143819,"Karen Daniels","Ativa V4110MDD Micro-Cut Shredder",4899.93
US-2015-128587,"Harry Marie","Canon PC1060 Personal Laser Copier",4899.93
CA-2017-149881,"Nick Crebassa","Cubify CubeX 3D Printer Double Head Print",4799.984
CA-2017-158379,"Joseph Airdo","Martin Yale Chadless Opener Electric Letter Opener",4663.736
CA-2015-114811,"Keith Dawkins","Zebra ZM400 Thermal Label Printer",4643.8
CA-2014-144624,"John Murray","Apple iPhone 5",4548.81
CA-2016-138478,"Dennis Pardue","Ibico EPK-21 Electric Binding System",4535.976
CA-2016-108196,"Cindy Stewart","Cubify CubeX 3D Printer Double Head Print",4499.985
CA-2016-100300,"Max Jones","Okidata MB760 Printer",4476.8
CA-2017-118892,"Tom Prescott","HON 5400 Series Task Chairs for Big and Tall",4416.174
CA-2015-117086,"Quincy Jones","Riverside Palais Royal Lawyers Bookcase, Royale Cherry Finish",4404.9
CA-2017-129021,"Patrick O'Brill","Samsung Galaxy Mega 6.3",4367.896
CA-2016-129714,"Adam Bellavance","GBC DocuBind P400 Electric Binding System",4355.168
US-2017-102183,"Pete Kriz","GBC DocuBind TL300 Electric Binding System",4305.552
CA-2015-116638,"Joseph Holt","Chromcraft Bull-Nose Wood Oval Conference Tables & Bases",4297.644
US-2015-126977,"Peter Fuller","Riverside Palais Royal Lawyers Bookcase, Royale Cherry Finish",4228.704
US-2017-167402,"Cathy Prescott","Martin Yale Chadless Opener Electric Letter Opener",4164.05
CA-2014-102988,"Greg Maxwell","Martin Yale Chadless Opener Electric Letter Opener",4164.05
CA-2016-159016,"Karen Ferguson","Apple iPhone 5",4158.912
CA-2014-128209,"Greg Tran","DMI Eclipse Executive Suite Bookcases",4007.84
CA-2016-128818,"Caroline Jumper","Bady BDG101FRU Card Printer",3999.95
CA-2014-164973,"Nathan Mautz","Canon imageCLASS MF7460 Monochrome Digital Laser Multifunction Copier",3991.98
CA-2016-103982,"Alex Avila","High Speed Automatic Electric Letter Opener",3930.072
CA-2015-120782,"Shirley Daniels","Fellowes PB500 Electric Punch Plastic Comb Binding Machine with Manual Bind",3812.97
CA-2014-116246,"Luke Weiss","HON 5400 Series Task Chairs for Big and Tall",3785.292
CA-2014-168494,"Nora Preis","Bretford Rectangular Conference Table Tops",3610.848
CA-2016-122903,"Laura Armstrong","HON 5400 Series Task Chairs for Big and Tall",3504.9
CA-2014-163223,"Kristen Hastings","Samsung Galaxy S4 Active",3499.93
CA-2016-107104,"Maribeth Schnelling","DMI Eclipse Executive Suite Bookcases",3406.664
CA-2017-165323,"Steven Roelle","Hewlett-Packard Desktjet 6988DT Refurbished Printer",3404.5
CA-2015-164301,"Ellis Ballard","Bush Advantage Collection Racetrack Conference Table",3393.68
CA-2017-133865,"Penelope Sewall","Canon Imageclass D680 Copier / Fax",3359.952
CA-2016-169663,"Rick Huthwaite","Okidata MB760 Printer",3357.6
CA-2016-145625,"Kelly Collister","Logitech P710e Mobile Speakerphone",3347.37
CA-2014-144414,"Gary Hwang","GBC DocuBind P400 Electric Binding System",3266.376
CA-2015-111829,"Fred Hopkins","Canon PC940 Copier",3149.93
US-2015-150630,"Tracy Blumstein","Riverside Palais Royal Lawyers Bookcase, Royale Cherry Finish",3083.43
CA-2015-102491,"Katrina Willman","Cisco 9971 IP Video Phone Charcoal",3080
US-2014-106992,"Sean Braxton","Lexmark MX611dhe Monochrome Laser Printer",3059.982
CA-2017-159366,"Bart Watters","Lexmark MX611dhe Monochrome Laser Printer",3059.982
US-2015-163825,"Lena Creighton","Fellowes PB500 Electric Punch Plastic Comb Binding Machine with Manual Bind",3050.376
CA-2016-133711,"Mark Cousins","Hewlett-Packard Deskjet 3050a All-in-One Color Inkjet Printer",3040
CA-2016-160717,"Maria Etezadi","Samsung Galaxy Mega 6.3",3023.928
CA-2017-127432,"Alan Dominguez","Canon Image Class D660 Copier",2999.95
CA-2017-133263,"Jim Epp","Hewlett Packard LaserJet 3310 Copier",2999.95
CA-2015-149846,"Sarah Brown","Zebra GX420t Direct Thermal/Thermal Transfer Printer",2973.32
US-2017-105935,"Bradley Drucker","Samsung Galaxy Mega 6.3",2939.93
CA-2014-119375,"Yoseph Carroll","Smead Adjustable Mobile File Trolley with Lockable Top",2934.33
CA-2017-100111,"Seth Vernon","Hon 4070 Series Pagoda Armless Upholstered Stacking Chairs",2888.127
US-2016-126452,"Scot Coram","Bretford CR8500 Series Meeting Room Furniture",2887.056
CA-2017-145219,"Robert Marley","Hewlett Packard LaserJet 3310 Copier",2879.952
CA-2014-120474,"Resi Pölking","Office Star - Professional Matrix Back Chair with 2-to-1 Synchro Tilt and Mesh Fabric Seat",2807.84
CA-2015-164777,"Sean Christensen","HON 5400 Series Task Chairs for Big and Tall",2803.92
CA-2017-102204,"Caroline Jumper","HON 5400 Series Task Chairs for Big and Tall",2803.92
CA-2014-160766,"Darrin Martin","Ativa V4110MDD Micro-Cut Shredder",2799.96
US-2015-100377,"Todd Sumrall","Canon Imageclass D680 Copier / Fax",2799.96
CA-2016-135265,"Christopher Conant","Canon PC1060 Personal Laser Copier",2799.96
CA-2016-129630,"Ionia McGrath","Canon PC1060 Personal Laser Copier",2799.96
US-2015-160857,"Natalie Webber","Sharp AL-1530CS Digital Copier",2799.944
CA-2017-119809,"Yana Sorensen","Fellowes PB300 Plastic Comb Binding Machine",2793.528
CA-2014-154627,"Sue Ann Reed","Apple iPhone 5S",2735.952
CA-2014-117639,"Mitch Willingham","Fellowes PB300 Plastic Comb Binding Machine",2715.93
CA-2017-157854,"Denise Monton","GBC DocuBind TL300 Electric Binding System",2690.97
US-2016-164196,"Alejandro Savely","Balt Solid Wood Round Tables",2678.94
CA-2015-111038,"Lindsay Castell","GuestStacker Chair with Chrome Finish Legs",2676.672
CA-2017-123967,"Sarah Foster","Hon 94000 Series Round Tables",2665.62
CA-2015-123113,"Annie Thurman","Sanyo Counter Height Refrigerator with Crisper, 3.6 Cubic Foot, Stainless Steel/Black",2625.12
CA-2014-127299,"John Lee","HP Designjet T520 Inkjet Large Format Printer - 24 Color",2624.985
CA-2015-160227,"Emily Ducich","Hon Olson Stacker Chairs",2621.322
CA-2017-112333,"Karen Ferguson","Tennsco 16-Compartment Lockers with Coat Rack",2591.56
US-2016-116729,"Grace Kelly","Samsung Galaxy Note 2",2575.944
CA-2014-167199,"Maria Etezadi","Global Deluxe High-Back Manager's Chair",2573.82
CA-2015-120677,"Bill Donatelli","Hon Pagoda Stacking Chairs",2567.84
CA-2016-169670,"Joe Elijah","Hon 4700 Series Mobuis Mid-Back Task Chairs with Adjustable Arms",2563.056
CA-2017-134845,"Sharelle Roach","Lexmark MX611dhe Monochrome Laser Printer",2549.985
CA-2015-135580,"Clay Ludtke","Zebra GX420t Direct Thermal/Thermal Transfer Printer",2548.56
CA-2015-162782,"Pierre Wener","Fellowes PB500 Electric Punch Plastic Comb Binding Machine with Manual Bind",2541.98
US-2014-106992,"Sean Braxton","Xerox WorkCentre 6505DN Laser Multifunction Printer",2519.958
CA-2017-166093,"Rick Wilson","Sanyo 2.5 Cubic Foot Mid-Size Office Refrigerators",2518.29
CA-2017-168858,"Justin Deggeller","Hoover Shoulder Vac Commercial Portable Vacuum",2504.74
CA-2017-160885,"Juliana Krohn","ClearOne CHATAttach 160 - speaker phone",2479.96
CA-2015-139731,"Joel Eaton","HON 5400 Series Task Chairs for Big and Tall",2453.43
CA-2016-104157,"Meg Tillman","Office Impressions End Table, 20-1/2H x 24W x 20D",2430.08
CA-2017-121559,"Helen Wasserman","Honeywell Enviracaire Portable HEPA Air Cleaner for 17' x 22' Room",2405.2
CA-2017-122490,"Ted Trevino","Global Troy Executive Leather Low-Back Tilter",2404.704
US-2017-141677,"Heather Kirkland","Canon PC1080F Personal Copier",2399.96
US-2017-135013,"Harold Ryan","Hewlett Packard LaserJet 3310 Copier",2399.96
CA-2017-127180,"Tom Ashbrook","Polycom CX600 IP Phone VoIP phone",2399.6
CA-2016-107202,"Linda Cazamias","Panasonic KX MB2061 Multifunction Printer",2396.4
CA-2016-108987,"Anna Gayman","Riverside Palais Royal Lawyers Bookcase, Royale Cherry Finish",2396.2656
CA-2017-168109,"Jim Kriz","Okidata MB491 Multifunction Printer",2395.2
US-2017-163300,"Erica Smith","GBC DocuBind 200 Manual Binding Machine",2357.488
CA-2014-126683,"Paul Prost","Bevis Oval Conference Table, Walnut",2348.82
CA-2015-169796,"Dean percer","Zebra ZM400 Thermal Label Printer",2321.9
US-2017-162558,"Dean percer","Chromcraft Bull-Nose Wood Oval Conference Tables & Bases",2314.116
CA-2015-124891,"Rick Hansen","Plantronics CS510 - Over-the-Head monaural Wireless Headset System",2309.65
US-2016-113677,"Corinna Mitchell","Xiaomi Mi3",2279.96
CA-2016-113831,"Anna Häberlin","Hon Rectangular Conference Tables",2275.5
CA-2017-100111,"Seth Vernon","Global Troy Executive Leather Low-Back Tilter",2254.41
US-2015-134558,"Peter McVee","Logitech diNovo Edge Keyboard",2249.91
CA-2017-143567,"Thomas Boland","Logitech diNovo Edge Keyboard",2249.91
CA-2014-136567,"Penelope Sewall","Chromcraft 48 x 96 Racetrack Double Pedestal Table",2244.48
CA-2017-119284,"Thomas Seio","Samsung Galaxy S III - 16GB - pebble blue (T-Mobile)",2239.936
CA-2014-169019,"Luke Foster","GBC DocuBind P400 Electric Binding System",2177.584
CA-2017-150091,"Nora Paige","Global Adaptabilites Bookcase, Cherry/Storm Gray Finish",2154.9
CA-2014-128209,"Greg Tran","GBC DocuBind TL300 Electric Binding System",2152.776
CA-2016-143805,"Jonathan Doherty","Honeywell Enviracaire Portable HEPA Air Cleaner for 17' x 22' Room",2104.55
CA-2016-163804,"Deborah Brumfield","Deluxe Rollaway Locking File with Drawer",2079.4
US-2017-110576,"Ross Baird","Riverside Furniture Oval Coffee Table, Oval End Table, End Table with Drawer",2065.32
CA-2014-169726,"Joseph Holt","Ibico Ibimaster 300 Manual Binding System",2060.744
CA-2017-149559,"Karen Ferguson","Hon Pagoda Stacking Chairs",2054.272
CA-2017-107174,"Adam Bellavance","Hon 5100 Series Wood Tables",2036.86
CA-2014-128524,"Mary Zewe","Fellowes PB500 Electric Punch Plastic Comb Binding Machine with Manual Bind",2033.584
CA-2015-147830,"Natalie Fritzler","Plantronics Savi W720 Multi-Device Wireless Headset System",2025.36
CA-2017-111738,"Christopher Martinez","GBC ProClick 150 Presentation Binding System",2022.272
US-2015-126977,"Peter Fuller","DMI Eclipse Executive Suite Bookcases",2003.92
CA-2015-137113,"Tamara Willingham","Global Troy Executive Leather Low-Back Tilter",2003.92
CA-2016-155530,"Charles McCrossin","Bretford “Just In Time” Height-Adjustable Multi-Task Work Tables",2003.52
CA-2017-121790,"Liz Preis","Samsung Galaxy S4",2003.168
CA-2014-131926,"Dianna Wilson","Global Deluxe High-Back Manager's Chair",2001.86
CA-2016-157791,"Carol Adams","Hewlett Packard 610 Color Digital Copier / Printer",1999.96
CA-2014-163748,"Hunter Glantz","Hewlett Packard 610 Color Digital Copier / Printer",1999.96
CA-2014-134313,"Russell Applegate","ClearOne CHATAttach 160 - speaker phone",1983.968
CA-2016-133725,"Ken Lonsdale","Mitel MiVoice 5330e IP Phone",1979.928
CA-2017-123372,"Deirdre Greer","Google Nexus 5",1979.89
CA-2016-113831,"Anna Häberlin","Plantronics CS510 - Over-the-Head monaural Wireless Headset System",1979.7
CA-2016-114489,"Justin Ellison","Hon Deluxe Fabric Upholstered Stacking Chairs, Rounded Back",1951.84
US-2017-118087,"Stefania Perrino","Samsung Galaxy Note 2",1931.958
CA-2015-114069,"Natalie DeCherney","Safco Contoured Stacking Chairs",1931.04
CA-2017-137596,"Bill Eplett","Maxell iVDR EX 500GB Cartridge",1928.78
CA-2016-147256,"Frank Carlisle","Honeywell Enviracaire Portable HEPA Air Cleaner for 16' x 20' Room",1927.59
CA-2017-121559,"Helen Wasserman","Hon 4070 Series Pagoda Round Back Stacking Chairs",1925.88
CA-2017-167752,"Robert Waldorf","Honeywell Enviracaire Portable HEPA Air Cleaner for 17' x 22' Room",1924.16
CA-2017-136308,"Mitch Willingham","Bady BDG101FRU Card Printer",1919.976
CA-2015-121797,"Charles Crestani","Bady BDG101FRU Card Printer",1919.976
CA-2015-137113,"Tamara Willingham","Bush Advantage Collection Round Conference Table",1913.4
US-2017-122714,"Henry Goldwyn","Ibico EPK-21 Electric Binding System",1889.99
US-2017-161935,"John Lee","Samsung Galaxy S III - 16GB - pebble blue (T-Mobile)",1889.946
CA-2017-141439,"Tonja Turnell","Samsung Galaxy S4 Mini",1879.96
US-2015-128090,"John Murray","Samsung Galaxy S4 Mini",1879.96
CA-2017-159100,"Victoria Pisteka","Balt Solid Wood Round Tables",1875.258
CA-2015-125976,"Jamie Kunitz","Cisco SPA301",1871.88
US-2014-131275,"Sample Company A","Tennsco 6- and 18-Compartment Lockers",1856.19
CA-2014-120768,"Irene Maddox","High-Back Leather Manager's Chair",1819.86
CA-2017-119452,"Clay Ludtke","Global Leather and Oak Executive Chair, Black",1805.88
CA-2015-134719,"John Dryer","Tennsco Single-Tier Lockers",1801.632
CA-2014-122931,"Suzanne McNair","Tennsco Single-Tier Lockers",1801.632
US-2017-117723,"Dionis Lloyd","Tennsco Single-Tier Lockers",1801.632
CA-2015-147830,"Natalie Fritzler","Cubify CubeX 3D Printer Double Head Print",1799.994
US-2014-135972,"Jack Garza","Canon PC1080F Personal Copier",1799.97
CA-2014-116666,"Kean Thornton","Hewlett Packard LaserJet 3310 Copier",1799.97
CA-2015-130659,"Maribeth Schnelling","Wilson SignalBoost 841262 DB PRO Amplifier Kit",1799.75
CA-2014-152268,"Sanjit Chand","GBC DocuBind TL300 Electric Binding System",1793.98
CA-2017-141789,"Amy Cox","GBC DocuBind TL300 Electric Binding System",1793.98
CA-2016-101546,"Grace Kelly","GBC DocuBind TL300 Electric Binding System",1793.98
CA-2017-142090,"Shahid Collister","Bush Advantage Collection Racetrack Conference Table",1781.682
US-2017-118941,"Brenda Bowman","Hon 4700 Series Mobuis Mid-Back Task Chairs with Adjustable Arms",1779.9
CA-2016-105081,"Joe Elijah","SAFCO PlanMaster Heigh-Adjustable Drafting Table Base, 43w x 30d x 30-37h, Black",1747.25
CA-2014-139892,"Becky Martin","SAFCO Arco Folding Chair",1740.06
CA-2014-141313,"Anthony Jacobs","Hoover Upright Vacuum With Dirt Cup",1737.18
CA-2015-135622,"Tonja Turnell","Wilson Electronics DB Pro Signal Booster",1718.4
CA-2014-115812,"Brosina Hoffman","Chromcraft Rectangular Conference Tables",1706.184
CA-2017-113418,"Corinna Mitchell","Fellowes Powershred HS-440 4-Sheet High Security Shredder",1704.89
CA-2017-115602,"Doug Jacobs","Kensington 7 Outlet MasterPiece HOMEOFFICE Power Control Center",1704.56
CA-2017-123491,"Jamie Kunitz","Acco 7-Outlet Masterpiece Power Center, Wihtout Fax/Phone Line Protection",1702.12
CA-2015-158421,"Giulietta Baptist","Global Comet Stacking Arm Chair",1690.04
CA-2017-168109,"Jim Kriz","Plantronics Savi W720 Multi-Device Wireless Headset System",1687.8
CA-2014-133592,"Katherine Murray","Plantronics Savi W720 Multi-Device Wireless Headset System",1687.8
US-2016-102239,"Lindsay Williams","Global Adaptabilities Conference Tables",1685.88
US-2016-163881,"Sung Pak","Global Leather Executive Chair",1684.752
CA-2014-131387,"Arianne Irving","Samsung Galaxy Mega 6.3",1679.96
CA-2014-108147,"Rick Duston","Tennsco Snap-Together Open Shelving Units, Starter Sets and Add-On Units",1676.88
US-2017-105998,"Clay Rozendal","Chromcraft Round Conference Tables",1673.184
CA-2017-148446,"Michael Chen","Bretford “Just In Time” Height-Adjustable Multi-Task Work Tables",1669.6
CA-2017-158729,"Amy Cox","Martin Yale Chadless Opener Electric Letter Opener",1665.62
CA-2016-142335,"Michael Paige","Chromcraft Bull-Nose Wood Oval Conference Tables & Bases",1652.94
US-2016-121013,"Michael Moore","Chromcraft Bull-Nose Wood 48 x 96 Rectangular Conference Tables",1652.94
CA-2016-153598,"Neoma Murray","Logitech Z-906 Speaker sys - home theater - 5.1-CH",1649.95
US-2017-167318,"George Zrebassa","Logitech Z-906 Speaker sys - home theater - 5.1-CH",1649.95
CA-2016-125220,"Bobby Elias","Plantronics CS510 - Over-the-Head monaural Wireless Headset System",1649.75
CA-2015-160171,"Robert Marley","Sanyo Counter Height Refrigerator with Crisper, 3.6 Cubic Foot, Stainless Steel/Black",1640.7
CA-2017-107517,"Fred Chung","Sanyo Counter Height Refrigerator with Crisper, 3.6 Cubic Foot, Stainless Steel/Black",1640.7
US-2017-120390,"Tracy Hopkins","GBC DocuBind P400 Electric Binding System",1633.188
CA-2017-152912,"Brian Moss","Adjustable Depth Letter/Legal Cart",1633.14
CA-2014-151330,"Toby Carlisle","Office Star - Ergonomic Mid Back Chair with 2-Way Adjustable Arms",1628.82
CA-2017-138975,"Shahid Collister","O'Sullivan 2-Door Barrister Bookcase in Odessa Pine",1628.82
CA-2017-118724,"Anthony Rawles","Polycom SoundPoint IP 450 VoIP phone",1626.192
US-2015-127040,"Speros Goranitis","Logitech VX Revolution Cordless Laser Mouse for Notebooks (Black)",1619.91
US-2015-126214,"John Stevenson","Bevis 36 x 72 Conference Tables",1618.37
CA-2017-128363,"Dan Campbell","GBC DocuBind TL300 Electric Binding System",1614.582
CA-2016-168354,"Rick Huthwaite","Hot File 7-Pocket, Floor Stand",1606.23
CA-2014-145387,"Anne McFarland","Hon Pagoda Stacking Chairs",1604.9
CA-2016-152247,"Michelle Arnett","Global Troy Executive Leather Low-Back Tilter",1603.136
CA-2016-128594,"Don Jones","Global Troy Executive Leather Low-Back Tilter",1603.136
CA-2016-102162,"Jill Fjeld","Canon PC-428 Personal Copier",1599.92
CA-2015-155600,"Rose O'Brian","GBC Ibimaster 500 Manual ProClick Binding System",1598.058
CA-2016-105207,"Bill Overfelt","Hon Practical Foundations 30 x 60 Training Table, Light Gray/Charcoal",1592.85
CA-2016-105459,"Nora Preis","Tennsco 6- and 18-Compartment Lockers",1591.02
CA-2017-120376,"Theone Pippenger","Hon GuestStacker Chair",1586.69
US-2014-148838,"Christine Phan","Bretford Rectangular Conference Table Tops",1579.746
CA-2017-103877,"Robert Dilbeck","GBC DocuBind 300 Electric Binding Machine",1577.94
CA-2017-146983,"Alan Hwang","GBC DocuBind 300 Electric Binding Machine",1577.94
CA-2017-105914,"Paul Van Hugh","Tennsco Double-Tier Lockers",1575.14
CA-2014-150245,"Pamela Coakley","Atlantic Metals Mobile 4-Shelf Bookcases, Custom Colors",1573.488
CA-2016-169838,"Brenda Bowman","Chromcraft Round Conference Tables",1568.61
US-2016-100461,"Jack O'Briant","Atlantic Metals Mobile 3-Shelf Bookcases, Custom Colors",1565.88
US-2016-165505,"Claudia Bergmann","Iceberg Mobile Mega Data/Printer Cart ",1564.29
CA-2016-125087,"Thea Hudgings","Tennsco 16-Compartment Lockers with Coat Rack",1554.936
CA-2015-111514,"Scott Cohen","Atlantic Metals Mobile 3-Shelf Bookcases, Custom Colors",1552.831
CA-2015-101889,"David Bremer","Riverside Furniture Oval Coffee Table, Oval End Table, End Table with Drawer",1548.99
CA-2016-124590,"Susan Pistek","Hon Deluxe Fabric Upholstered Stacking Chairs, Rounded Back",1537.074
CA-2017-155880,"Justin Deggeller","Lifetime Advantage Folding Chairs, 4/Carton",1526.56
CA-2017-131254,"Nathan Cano","Fellowes PB500 Electric Punch Plastic Comb Binding Machine with Manual Bind",1525.188
CA-2015-166947,"Edward Becker","Hon Every-Day Series Multi-Task Chairs",1522.638
CA-2015-115567,"Zuschuss Carroll","Hon Multipurpose Stacking Arm Chairs",1516.2
CA-2017-103212,"Michelle Huthwaite","Bretford Rectangular Conference Table Tops",1504.52
CA-2014-131926,"Dianna Wilson","Honeywell Enviracaire Portable HEPA Air Cleaner for 17' x 22' Room",1503.25
CA-2014-153850,"Thea Hendricks","Samsung Galaxy S4",1502.376
CA-2016-114867,"Frank Merwin","LG G2",1499.97
CA-2016-139997,"Eugene Moren","Hewlett Packard 310 Color Digital Copier",1499.95
US-2017-109316,"Maureen Gastineau","Riverside Palais Royal Lawyers Bookcase, Royale Cherry Finish",1497.666
CA-2017-121027,"Helen Wasserman","Imation Bio 8GB USB Flash Drive Imation Corp",1496.16
US-2017-134481,"Allen Rosenblatt","Office Impressions End Table, 20-1/2H x 24W x 20D",1488.424
US-2015-163279,"Justin Deggeller","ClearOne CHATAttach 160 - speaker phone",1487.976
CA-2014-166954,"Beth Thompson","GuestStacker Chair with Chrome Finish Legs",1487.04
CA-2014-125731,"Clay Ludtke","GuestStacker Chair with Chrome Finish Legs",1487.04
CA-2017-116680,"Pete Kriz","Bush Cubix Conference Tables, Fully Assembled",1478.272
CA-2016-124590,"Susan Pistek","Global Leather and Oak Executive Chair, Black",1474.802
CA-2017-156776,"Jeremy Lonsdale","3.6 Cubic Foot Counter Height Office Refrigerator",1473.1
US-2017-142188,"Jennifer Ferguson","Ibico Ibimaster 300 Manual Binding System",1471.96
CA-2017-141733,"Rick Wilson","Hon 4070 Series Pagoda Armless Upholstered Stacking Chairs",1458.65
CA-2016-123540,"Denny Joy","Global Executive Mid-Back Manager's Chair",1454.9
CA-2017-143063,"Ivan Liston","Aastra 57i VoIP phone",1454.49
CA-2015-162047,"Fred Hopkins","Office Star - Mid Back Dual function Ergonomic High Back Chair with 2-Way Adjustable Arms",1448.82
CA-2015-155306,"George Ashbrook","Hoover Upright Vacuum With Dirt Cup",1447.65
CA-2017-146535,"Frank Merwin","Iceberg Mobile Mega Data/Printer Cart ",1443.96
CA-2014-132612,"Frank Olsen","Bevis 44 x 96 Conference Tables",1441.3
CA-2017-162691,"Aaron Smayling","Bady BDG101FRU Card Printer",1439.982
CA-2016-147417,"Christy Brittain","Hewlett Packard LaserJet 3310 Copier",1439.976
CA-2015-146675,"Sarah Brown","Canon PC940 Copier",1439.968
CA-2016-168032,"David Flashing","Nokia Lumia 1020",1439.968
CA-2017-145884,"Sara Luxemburg","Polycom VVX 310 VoIP phone",1439.92
CA-2014-103310,"Greg Matthias","Wilson Electronics DB Pro Signal Booster",1432
US-2016-143448,"Mark Hamilton","Global Commerce Series High-Back Swivel/Tilt Chairs",1424.9
CA-2014-108609,"Anthony Jacobs","Hon 94000 Series Round Tables",1421.664
CA-2016-131289,"Stefania Perrino","Hon 94000 Series Round Tables",1421.664
CA-2017-105669,"Sanjit Jacobs","Polycom VoiceStation 500 Conference phone",1415.76
CA-2015-153381,"Deanra Eno","Hon Olson Stacker Stools",1408.1
CA-2015-147788,"Tamara Manning","O'Sullivan Living Dimensions 3-Shelf Bookcases",1406.86
CA-2016-146913,"Sylvia Foulston","Office Star - Professional Matrix Back Chair with 2-to-1 Synchro Tilt and Mesh Fabric Seat",1403.92
CA-2014-124247,"Stefanie Holloman","Office Star - Professional Matrix Back Chair with 2-to-1 Synchro Tilt and Mesh Fabric Seat",1403.92
US-2017-167920,"John Lee","Canon Imageclass D680 Copier / Fax",1399.98
CA-2016-155845,"Chris McAfee","Logitech diNovo Edge Keyboard",1399.944
CA-2017-143686,"Pauline Johnson","Razer Tiamat Over Ear 7.1 Surround Sound PC Gaming Headset",1399.93
CA-2015-113145,"Valerie Dominguez","Razer Tiamat Over Ear 7.1 Surround Sound PC Gaming Headset",1399.93
CA-2014-124856,"Lisa DeCherney","Dual Level, Single-Width Filing Carts",1395.54
CA-2014-110408,"Alan Schoenberger","Avaya IP Phone 1140E VoIP phone",1394.95
CA-2015-124450,"Greg Tran","Cisco SPA525G2 5-Line IP Phone",1379.92
CA-2016-107783,"Olvera Toch","GBC Ibimaster 500 Manual ProClick Binding System",1369.764
CA-2015-141565,"Barry Gonzalez","GBC Ibimaster 500 Manual ProClick Binding System",1369.764
CA-2014-111192,"Tom Stivers","Rush Hierlooms Collection 1 Thick Stackable Bookcases",1367.84
CA-2016-105256,"Joe Kamberova","Cisco Unified IP Phone 7945G VoIP phone",1363.96
CA-2016-169103,"Zuschuss Carroll","Cisco Unified IP Phone 7945G VoIP phone",1363.96
CA-2016-144764,"Rob Lucas","Okidata C610n Printer",1362.9
CA-2017-147760,"Kelly Lampkin","Motorola Moto X",1359.96
CA-2015-141243,"Amy Hunt","O'Sullivan Living Dimensions 5-Shelf Bookcases",1352.3976
CA-2016-138968,"Fred Chung","Global Comet Stacking Arm Chair",1352.032
CA-2016-110492,"John Stevenson","Tennsco Double-Tier Lockers",1350.12
CA-2014-125997,"Mitch Webber","Panasonic KX-TG9541B DECT 6.0 Digital 2-Line Expandable Cordless Phone With Digital Answering System",1349.91
CA-2016-165848,"Edward Nazzal","Panasonic KX MC6040 Color Laser Multifunction Printer",1349.85
CA-2015-113404,"Eleni McCrary","Hon 2090 “Pillow Soft” Series Mid Back Swivel/Tilt Chairs",1348.704
CA-2017-107167,"Neil Ducich","24 Capacity Maxi Data Binder Racks, Pearl",1347.52
CA-2015-105571,"Christine Phan","GBC DocuBind TL300 Electric Binding System",1345.485
CA-2017-117457,"Keith Herrera","O'Sullivan 4-Shelf Bookcase in Odessa Pine",1336.829
CA-2016-105732,"Alejandro Grove","Electrix Architect's Clamp-On Swing Arm Lamp, Black",1336.44
CA-2016-113243,"Olvera Toch","Bretford “Just In Time” Height-Adjustable Multi-Task Work Tables",1335.68
CA-2017-105851,"Sanjit Engle","Martin Yale Chadless Opener Electric Letter Opener",1332.496
US-2015-114741,"Ivan Liston","Tennsco 6- and 18-Compartment Lockers",1325.85
CA-2014-126403,"Rick Reed","Tennsco 6- and 18-Compartment Lockers",1325.85
CA-2014-157147,"Brian Dahlen","Tennsco 6- and 18-Compartment Lockers",1325.85
CA-2014-154893,"Gary McGarr","SAFCO Arco Folding Chair",1325.76
CA-2016-149279,"Craig Leslie","SAFCO Arco Folding Chair",1325.76
CA-2015-110863,"Anna Andreadi","Hon Olson Stacker Chairs",1323.9
CA-2014-128146,"Dave Brooks","Wireless Extenders zBoost YX545 SOHO Signal Booster",1322.93
CA-2017-102750,"Greg Maxwell","Chromcraft Bull-Nose Wood Oval Conference Tables & Bases",1322.352
US-2016-138408,"Karen Carlisle","Logitech Z-906 Speaker sys - home theater - 5.1-CH",1319.96
CA-2017-127397,"Erin Smith","Plantronics CS510 - Over-the-Head monaural Wireless Headset System",1319.8
CA-2016-111213,"Frank Preis","Hon Deluxe Fabric Upholstered Stacking Chairs, Rounded Back",1317.492
US-2014-115196,"Daniel Lacy","3D Systems Cube Printer, 2nd Generation, White",1299.99
CA-2017-100111,"Seth Vernon","Apple iPhone 5",1299.66
CA-2014-151995,"Zuschuss Carroll","Bevis Round Bullnose 29 High Table Top",1298.55
CA-2016-101791,"Brian Stugart","Standard Rollaway File with Lock",1297.368
CA-2015-164882,"Sandra Glassco","Polycom SoundStation2 EX Conference phone",1295.84
CA-2017-100650,"Dean Katz","Tennsco 16-Compartment Lockers with Coat Rack",1295.78
US-2016-150140,"Valerie Mitchum","Nortel Meridian M5316 Digital phone",1294.75
CA-2016-128223,"Ed Braxton","Bush Cubix Conference Tables, Fully Assembled",1293.488
CA-2017-112515,"Alan Schoenberger","Global Adaptabilites Bookcase, Cherry/Storm Gray Finish",1292.94
CA-2016-134887,"Toby Braunhardt","Logitech P710e Mobile Speakerphone",1287.45
CA-2017-116988,"Pauline Webber","Logitech P710e Mobile Speakerphone",1287.45
CA-2017-162015,"Karen Bern","Logitech P710e Mobile Speakerphone",1287.45
CA-2017-157987,"Ann Chong","Global Commerce Series High-Back Swivel/Tilt Chairs",1282.41
US-2014-131275,"Sample Company A","Swingline SM12-08 MicroCut Jam Free Shredder",1279.968
CA-2016-147137,"Anna Andreadi","Atlantic Metals Mobile 5-Shelf Bookcases, Custom Colors",1279.165
CA-2016-109869,"Tanja Norvell","Bush Advantage Collection Racetrack Conference Table",1272.63
CA-2016-159891,"Ben Ferrer","Fellowes PB500 Electric Punch Plastic Comb Binding Machine with Manual Bind",1270.99
CA-2015-156482,"Ivan Liston","Office Star - Contemporary Swivel Chair with Padded Adjustable Arms and Flex Back",1268.82
CA-2016-139269,"Julia Barnett","Fellowes Strictly Business Drawer File, Letter/Legal Size",1267.65
CA-2015-124450,"Greg Tran","Global Comet Stacking Arm Chair",1267.53
CA-2016-162355,"Philip Fox","O'Sullivan 2-Door Barrister Bookcase in Odessa Pine",1266.86
CA-2015-157084,"James Galang","Plantronics Savi W720 Multi-Device Wireless Headset System",1265.85
CA-2016-163167,"Randy Ferguson","24 Capacity Maxi Data Binder Racks, Pearl",1263.3
CA-2014-106726,"Roland Schwarz","Standard Rollaway File with Lock",1261.33
CA-2017-111556,"Carlos Daly","Samsung Galaxy Mega 6.3",1259.97
CA-2015-109575,"Ken Heidel","Polycom VVX 310 VoIP phone",1259.93
CA-2014-127614,"Natalie Fritzler","Hon 2111 Invitation Series Corner Table",1256.22
CA-2015-119879,"Shahid Shariari","Bevis Oval Conference Table, Walnut",1252.704
CA-2017-128265,"Victoria Wilson","Deluxe Rollaway Locking File with Drawer",1247.64
CA-2015-111829,"Fred Hopkins","Deluxe Rollaway Locking File with Drawer",1247.64
CA-2017-122693,"Nicole Hansen","Kensington 7 Outlet MasterPiece Power Center",1245.86
CA-2017-111689,"Harold Pawlan","SAFCO Arco Folding Chair",1242.9
CA-2014-140858,"Cynthia Arntzen","Global Leather Executive Chair",1228.465
CA-2015-133585,"Craig Molinari","Atlantic Metals Mobile 5-Shelf Bookcases, Custom Colors",1227.9984
CA-2016-163573,"Amy Cox","Ibico Hi-Tech Manual Binding System",1219.96
CA-2014-127446,"Matt Collister","Bretford CR4500 Series Slim Rectangular Table",1218.735
CA-2015-131338,"Naresj Patel","GBC Ibimaster 500 Manual ProClick Binding System",1217.568
CA-2015-153423,"Shaun Weien","GBC Ibimaster 500 Manual ProClick Binding System",1217.568
US-2014-118997,"Ruben Ausman","SAFCO PlanMaster Boards, 60w x 37-1/2d, White Melamine",1215.92
CA-2014-141796,"James Galang","Polycom SoundStation2 EX Conference phone",1214.85
CA-2014-152100,"Victoria Wilson","Hon Multipurpose Stacking Arm Chairs",1212.96
CA-2017-105214,"Troy Staebel","Hon Multipurpose Stacking Arm Chairs",1212.96
CA-2015-140410,"Corinna Mitchell","Cisco IP Phone 7961G-GE VoIP phone",1212.848
US-2017-158526,"Katherine Hughes","DMI Arturo Collection Mission-style Design Wood Chair",1207.84
CA-2014-124688,"Corey Catlett","Bretford CR8500 Series Meeting Room Furniture",1202.94
CA-2017-151799,"Ben Ferrer","Canon PC1080F Personal Copier",1199.98
CA-2017-117457,"Keith Herrera","Sharp AL-1530CS Digital Copier",1199.976
CA-2014-131450,"Lena Radford","Sharp AL-1530CS Digital Copier",1199.976
CA-2016-110499,"Yoseph Carroll","Hewlett Packard 610 Color Digital Copier / Printer",1199.976
CA-2016-121370,"Eugene Barchas","Sharp AL-1530CS Digital Copier",1199.976
CA-2015-111780,"Ralph Arnett","Brother DCP1000 Digital 3 in 1 Multifunction Machine",1199.96
CA-2017-137596,"Bill Eplett","Polycom CX600 IP Phone VoIP phone",1199.8
CA-2014-111871,"Eileen Kiefer","Bush Heritage Pine Collection 5-Shelf Bookcase, Albany Pine Finish, *Special Order",1198.33
CA-2015-137974,"Lauren Leatherbury","Tenex Antistatic Computer Chair Mats",1196.86
CA-2017-142342,"Anthony Johnson","Atlantic Metals Mobile 4-Shelf Bookcases, Custom Colors",1194.165
CA-2015-146262,"Victoria Wilson","Cisco 9971 IP Video Phone Charcoal",1188
US-2014-137869,"Christina VanderZanden","Hon 94000 Series Round Tables",1184.72
CA-2017-121839,"Mick Hernandez","Apple iPhone 5",1169.694
CA-2015-153549,"Sara Luxemburg","Hon 4070 Series Pagoda Armless Upholstered Stacking Chairs",1166.92
CA-2017-102379,"Brenda Bowman","Office Star - Mid Back Dual function Ergonomic High Back Chair with 2-Way Adjustable Arms",1159.056
CA-2017-158561,"Brenda Bowman","Hoover Upright Vacuum With Dirt Cup",1158.12
CA-2015-103835,"Shaun Chance","Hoover Upright Vacuum With Dirt Cup",1158.12
CA-2017-130841,"Matt Hagelstein","Wilson Electronics DB Pro Signal Booster",1145.6
CA-2017-115602,"Doug Jacobs","Office Star - Contemporary Swivel Chair with Padded Adjustable Arms and Flex Back",1141.938
CA-2016-158099,"Paul Knutson","GBC Ibimaster 500 Manual ProClick Binding System",1141.47
US-2014-125521,"Christine Kargatis","Global Commerce Series High-Back Swivel/Tilt Chairs",1139.92
CA-2017-126067,"Kristina Nunn","Hon Practical Foundations 30 x 60 Training Table, Light Gray/Charcoal",1137.75
US-2014-117968,"Ricardo Sperren","Hon GuestStacker Chair",1133.35
CA-2016-116911,"Justin Deggeller","Bretford Rectangular Conference Table Tops",1128.39
CA-2016-109344,"Cathy Hwang","Samsung Galaxy S4 Mini",1127.976
CA-2017-127432,"Alan Dominguez","Tennsco Single-Tier Lockers",1126.02
CA-2016-163167,"Randy Ferguson","Tennsco Single-Tier Lockers",1126.02
CA-2014-130428,"Trudy Glocke","Global Leather Highback Executive Chair with Pneumatic Height Adjustment, Black",1125.488
CA-2015-121720,"Jim Epp","Hon 2090 “Pillow Soft” Series Mid Back Swivel/Tilt Chairs",1123.92
US-2017-166688,"Rick Duston","Motorola L703CM",1123.128
CA-2016-136406,"Bill Donatelli","HON 5400 Series Task Chairs for Big and Tall",1121.568
CA-2015-142944,"John Lucas","Canon PC1060 Personal Laser Copier",1119.984
CA-2017-130036,"Ben Peterman","Logitech Wireless Headset h800",1119.888
CA-2015-165162,"Hunter Glantz","Tennsco Snap-Together Open Shelving Units, Starter Sets and Add-On Units",1117.92
CA-2016-136812,"Arthur Wiediger","Tennsco Snap-Together Open Shelving Units, Starter Sets and Add-On Units",1117.92
CA-2016-135776,"Edward Hooks","Tennsco Snap-Together Open Shelving Units, Starter Sets and Add-On Units",1117.92
CA-2014-119151,"Mike Pelletier","Tennsco Snap-Together Open Shelving Units, Starter Sets and Add-On Units",1117.92
CA-2017-108574,"Mike Gockenbach","Logitech G19 Programmable Gaming Keyboard",1115.91
CA-2016-132304,"Anthony Rawles","Hon Non-Folding Utility Tables",1115.17
US-2015-161991,"Steven Cartwright","Bose SoundLink Bluetooth Speaker",1114.4
CA-2016-142958,"Rob Williams","Bretford CR4500 Series Slim Rectangular Table",1114.272
CA-2014-139192,"Lena Creighton","Plantronics HL10 Handset Lifter",1113.504
CA-2014-106376,"Brendan Sweed","Hunt BOSTON Model 1606 High-Volume Electric Pencil Sharpener, Beige",1113.024
US-2016-155768,"Laurel Beltran","Sauder Facets Collection Locker/File Cabinet, Sky Alder Finish",1112.94
CA-2015-110016,"Bill Tyler","Global High-Back Leather Tilter, Burgundy",1106.91
CA-2014-103100,"Adrian Barton","Ibico Ibimaster 300 Manual Binding System",1103.97
CA-2016-114972,"Phillip Flathmann","Honeywell Enviracaire Portable HEPA Air Cleaner for 16' x 20' Room",1101.48
CA-2015-154956,"Irene Maddox","Mitel MiVoice 5330e IP Phone",1099.96
CA-2015-166219,"Ben Peterman","Mitel MiVoice 5330e IP Phone",1099.96
CA-2017-150420,"Giulietta Dortch","Plantronics Audio 995 Wireless Stereo Headset",1099.5
CA-2016-117590,"Gene Hale","GE 30524EE4",1097.544
CA-2016-113607,"Pauline Webber","Motorola L703CM",1091.93
CA-2014-166471,"Matthew Grinstein","Cisco Unified IP Phone 7945G VoIP phone",1091.168
CA-2016-126732,"Lena Radford","Cisco Unified IP Phone 7945G VoIP phone",1091.168
CA-2015-124891,"Rick Hansen","Bevis Round Bullnose 29 High Table Top",1090.782
CA-2014-126361,"Valerie Dominguez","Hoover WindTunnel Plus Canister Vacuum",1089.75
CA-2017-117324,"Jeremy Pistek","Hoover WindTunnel Plus Canister Vacuum",1089.75
CA-2016-130946,"Zuschuss Carroll","GBC DocuBind P400 Electric Binding System",1088.792
CA-2015-104626,"Daniel Raglin","Adjustable Depth Letter/Legal Cart",1088.76
CA-2015-159534,"Dave Hallsten","Fellowes PB200 Plastic Comb Binding Machine",1087.936
CA-2016-144218,"Jonathan Doherty","Dual Level, Single-Width Filing Carts",1085.42
US-2015-116981,"Suzanne McNair","Dual Level, Single-Width Filing Carts",1085.42
CA-2017-164112,"Neil Ducich","Dual Level, Single-Width Filing Carts",1085.42
CA-2016-142545,"Jonathan Doherty","Tennsco Stur-D-Stor Boltless Shelving, 5 Shelves, 24 Deep, Sand",1082.48
CA-2014-114251,"Maribeth Dona","Tennsco Double-Tier Lockers",1080.096
CA-2014-138128,"Frank Preis","Canon PC940 Copier",1079.976
CA-2017-152975,"Roger Barcio","Wilson SignalBoost 841262 DB PRO Amplifier Kit",1079.85
US-2017-165456,"Trudy Brown","Global Commerce Series Low-Back Swivel/Tilt Chairs",1079.316
CA-2014-154599,"Kean Nguyen","Pyle PMP37LED",1075.088
US-2014-148838,"Christine Phan","Balt Solid Wood Round Tables",1071.576
CA-2017-162789,"Logan Currie","WD My Passport Ultra 2TB Portable External Hard Drive",1071
US-2014-147627,"Hunter Lopez","Hon 4700 Series Mobuis Mid-Back Task Chairs with Adjustable Arms",1067.94
CA-2016-123946,"Anthony Johnson","Hon Olson Stacker Chairs",1059.12
CA-2015-102582,"Natalie Webber","Global Manager's Adjustable Task Chair, Storm",1056.86
CA-2016-102092,"Paul MacIntyre","Iceberg OfficeWorks 42 Round Tables",1056.86
US-2015-134558,"Peter McVee","Bretford Rectangular Conference Table Tops",1053.164
CA-2014-105984,"Muhammed Yedwab","Samsung Galaxy S III - 16GB - pebble blue (T-Mobile)",1049.97
CA-2014-164315,"Rob Dowd","Motorola Droid Maxx",1049.93
CA-2017-123085,"Ed Jacobs","Imation Bio 2GB USB Flash Drive Imation Corp",1049.44
CA-2017-117702,"Lindsay Shagiari","Luxo Professional Fluorescent Magnifier Lamp with Clamp-Mount Base",1049.2
CA-2016-115917,"Rick Bensley","Luxo Professional Fluorescent Magnifier Lamp with Clamp-Mount Base",1049.2
US-2017-164056,"Filia McAdams","SAFCO PlanMaster Heigh-Adjustable Drafting Table Base, 43w x 30d x 30-37h, Black",1048.35
CA-2015-106320,"Emily Burns","Bretford CR4500 Series Slim Rectangular Table",1044.63
US-2017-102890,"Sheri Gordon","Bretford CR4500 Series Slim Rectangular Table",1044.63
CA-2016-155516,"Michael Kennedy","Atlantic Metals Mobile 3-Shelf Bookcases, Custom Colors",1043.92
CA-2016-158001,"Jennifer Patt","1.7 Cubic Foot Compact Cube Office Refrigerators",1040.8
CA-2017-110443,"Chloris Kastensmidt","3D Systems Cube Printer, 2nd Generation, White",1039.992
CA-2016-155978,"Thomas Seio","Apple iPhone 5",1039.728
CA-2015-130890,"Jas O'Carroll","Bevis Round Bullnose 29 High Table Top",1038.84
CA-2015-121720,"Jim Epp","Tennsco 16-Compartment Lockers with Coat Rack",1036.624
CA-2016-137743,"Katherine Hughes","Tennsco 16-Compartment Lockers with Coat Rack",1036.624
CA-2015-145758,"Barry Französisch","Star Micronics TSP100 TSP143LAN Receipt Printer",1035.8
CA-2016-105816,"Janet Molinari","AT&T CL83451 4-Handset Telephone",1029.95
US-2014-123183,"Georgia Rosenberg","Sauder Inglewood Library Bookcases",1025.88
CA-2016-152289,"Linda Cazamias","Hon Deluxe Fabric Upholstered Stacking Chairs",1024.716
CA-2015-127509,"Adam Shillingsburg","Bevis Round Conference Table Top & Single Column Base",1024.38
US-2014-119137,"Arthur Gainer","NETGEAR AC1750 Dual Band Gigabit Smart WiFi Router",1023.936
CA-2017-144491,"Caroline Jumper","Atlantic Metals Mobile 5-Shelf Bookcases, Custom Colors",1023.332
CA-2015-135174,"Benjamin Patterson","Cisco Unified IP Phone 7945G VoIP phone",1022.97
US-2015-157154,"Michael Moore","Bush Advantage Collection Racetrack Conference Table",1018.104
CA-2016-146633,"Toby Gnade","Fellowes PB500 Electric Punch Plastic Comb Binding Machine with Manual Bind",1016.792
CA-2014-153913,"Ken Black","Hon Olson Stacker Stools",1013.832
US-2016-167339,"Tamara Dahlen","Global Ergonomic Managers Chair",1013.488
CA-2016-106950,"Joe Elijah","Plantronics Savi W720 Multi-Device Wireless Headset System",1012.68
CA-2016-147375,"Philisse Overcash","Canon Color ImageCLASS MF8580Cdw Wireless Laser All-In-One Printer, Copier, Scanner",1007.979
CA-2014-103660,"Mitch Webber","Polycom VVX 310 VoIP phone",1007.944
US-2017-110576,"Ross Baird","Luxo Professional Fluorescent Magnifier Lamp with Clamp-Mount Base",1007.232
CA-2016-106530,"Clay Ludtke","Smead Adjustable Mobile File Trolley with Lockable Top",1006.056
CA-2015-153388,"Pauline Chand","Hon 2111 Invitation Series Corner Table",1004.976
CA-2017-117457,"Keith Herrera","Bevis Round Conference Table Top, X-Base",1004.024
CA-2017-147956,"Alan Hwang","Office Impressions Heavy Duty Welded Shelving & Multimedia Storage Drawers",1003.62
CA-2017-163006,"Gary Hansen","Samsung Galaxy S4",1001.584
CA-2016-140249,"Shaun Weien","Samsung Galaxy S4",1001.584
CA-2017-119809,"Yana Sorensen","Letter Size Cart",1000.02
CA-2017-138380,"Yana Sorensen","Letter Size Cart",1000.02
CA-2015-156104,"Nora Pelletier","Hewlett Packard 610 Color Digital Copier / Printer",999.98
CA-2016-166429,"Toby Gnade","Hewlett Packard 610 Color Digital Copier / Printer",999.98
CA-2015-135685,"Mike Pelletier","Logitech diNovo Edge Keyboard",999.96
CA-2015-146563,"Cassandra Brandow","Hot File 7-Pocket, Floor Stand",999.432
CA-2014-121629,"Brian Thompson","StarTech.com 10/100 VDSL2 Ethernet Extender Kit",998.85
CA-2014-143371,"Maribeth Dona","Carina Mini System Audio Rack, Model AR050B",998.82
CA-2014-159520,"Grant Thornton","Chromcraft Bull-Nose Wood 48 x 96 Rectangular Conference Tables",991.764
CA-2015-140984,"Craig Carroll","Economy Rollaway Files",991.2
CA-2015-158491,"Becky Pak","Logitech Z-906 Speaker sys - home theater - 5.1-CH",989.97
CA-2014-143903,"Katherine Murray","HON 5400 Series Task Chairs for Big and Tall",981.372
CA-2016-168753,"Rob Lucas","Panasonic KX-TG9471B",979.95
CA-2017-167395,"Kunst Miller","GE 30524EE4",979.95
CA-2015-131338,"Naresj Patel","Panasonic KX-TG9471B",979.95
CA-2017-100097,"Michael Nguyen","Plantronics Calisto P620-M USB Wireless Speakerphone System",979.95
CA-2014-102673,"Ken Heidel","Cisco IP Phone 7961G VoIP phone - Dark gray",978.84
CA-2017-166436,"Todd Sumrall","Global Ergonomic Managers Chair",977.292
CA-2017-143567,"Thomas Boland","Hon Deluxe Fabric Upholstered Stacking Chairs, Rounded Back",975.92
CA-2014-107818,"Marc Crier","Hon Deluxe Fabric Upholstered Stacking Chairs, Rounded Back",975.92
US-2017-113992,"Lena Creighton","Bretford CR4500 Series Slim Rectangular Table",974.988
CA-2015-166583,"Valerie Dominguez","Polycom SoundStation2 EX Conference phone",971.88
CA-2016-131737,"Gary Zandusky","Electrix Halogen Magnifier Lamp",971.5
CA-2016-162390,"Dave Poirier","Ibico EB-19 Dual Function Manual Binding System",968.744
CA-2014-146283,"Kean Takahito","SAFCO Arco Folding Chair",966.7
US-2016-111290,"Dennis Kane","Fellowes Staxonsteel Drawer Files",965.85
CA-2017-131828,"Cari Sayre","Global Leather and Oak Executive Chair, Black",963.136
CA-2015-120621,"Julia West","Honeywell Enviracaire Portable HEPA Air Cleaner for 17' x 22' Room",962.08
CA-2016-112697,"Alan Haines","Premier Automatic Letter Opener",961.48
CA-2015-137946,"Doug Bickford","Hewlett Packard LaserJet 3310 Copier",959.984
CA-2017-157966,"Stephanie Ulpright","Hewlett Packard LaserJet 3310 Copier",959.984
CA-2017-100622,"Dave Kipp","Canon Image Class D660 Copier",959.984
US-2016-164630,"Erica Bern","Hewlett Packard 310 Color Digital Copier",959.968
US-2015-108966,"Sean O'Donnell","Bretford CR4500 Series Slim Rectangular Table",957.5775
US-2016-131611,"Emily Phan","O'Sullivan Plantations 2-Door Library in Landvery Oak",956.6648
US-2016-110170,"Harry Marie","O'Sullivan Plantations 2-Door Library in Landvery Oak",956.6648
CA-2015-142601,"Deanra Eno","Tennsco Stur-D-Stor Boltless Shelving, 5 Shelves, 24 Deep, Sand",947.17
CA-2014-148383,"Resi Pölking","GBC DocuBind 300 Electric Binding Machine",946.764
CA-2015-126697,"Stuart Van","ShoreTel ShorePhone IP 230 VoIP phone",946.344
CA-2015-110548,"Anna Häberlin","ShoreTel ShorePhone IP 230 VoIP phone",946.344
CA-2014-165764,"Shahid Hopkins","Hon Racetrack Conference Tables",945.036
CA-2016-114104,"Nora Paige","Avaya 5420 Digital phone",944.93
CA-2017-115882,"Dorothy Badders","3.6 Cubic Foot Counter Height Office Refrigerator",942.784
CA-2017-150910,"Jack Lebron","Bevis Round Bullnose 29 High Table Top",934.956
CA-2016-112669,"Kean Takahito","Hon 4070 Series Pagoda Armless Upholstered Stacking Chairs",933.536
CA-2017-132290,"Maribeth Dona","Bevis Traditional Conference Table Top, Plinth Base",933.408
CA-2017-102204,"Caroline Jumper","Bush Advantage Collection Racetrack Conference Table",933.262
CA-2017-104640,"Frank Hawley","Fellowes PB300 Plastic Comb Binding Machine",931.176
US-2017-106145,"Ruben Ausman","Fellowes PB300 Plastic Comb Binding Machine",931.176
CA-2015-146563,"Cassandra Brandow","Hon Racetrack Conference Tables",918.785
CA-2017-112753,"Craig Carreira","Bush Andora Bookcase, Maple/Graphite Gray Finish",917.9235
US-2015-139675,"Nicole Fjeld","Global Deluxe High-Back Manager's Chair",915.136
CA-2016-101672,"Daniel Byrd","Global Deluxe High-Back Manager's Chair",915.136
CA-2017-149048,"Brian Moss","Ibico Hi-Tech Manual Binding System",914.97
US-2015-122784,"Russell Applegate","Atlantic Metals Mobile 3-Shelf Bookcases, Custom Colors",913.43
CA-2017-147207,"Trudy Schmidt","Bevis Oval Conference Table, Walnut",913.43
CA-2015-120362,"Christina Anderson","Lesro Round Back Collection Coffee Table, End Table",912.75
CA-2014-126760,"Kunst Miller","Apple iPhone 5S",911.984
CA-2014-115812,"Brosina Hoffman","Konftel 250 Conference phone - Charcoal black",911.424
CA-2014-150798,"Joe Kamberova","Hon Multipurpose Stacking Arm Chairs",909.72
CA-2017-154410,"Michael Dominguez","SAFCO Boltless Steel Shelving",909.12
CA-2017-128853,"Janet Martin","Global Fabric Manager's Chair, Dark Gray",908.82
CA-2014-115812,"Brosina Hoffman","Mitel 5320 IP Phone VoIP phone",907.152
US-2017-112347,"Bill Stewart","Hon GuestStacker Chair",906.68
CA-2017-116519,"Craig Reiter","Avanti 4.4 Cu. Ft. Refrigerator",904.9
CA-2016-118745,"Seth Vernon","Bretford Rectangular Conference Table Tops",902.712
CA-2016-129868,"Mike Caudle","Bretford Rectangular Conference Table Tops",902.712
CA-2016-131737,"Gary Zandusky","Honeywell Enviracaire Portable HEPA Air Cleaner for 17' x 22' Room",901.95
CA-2016-142594,"Eva Jacobs","Honeywell Enviracaire Portable HEPA Air Cleaner for 17' x 22' Room",901.95
CA-2016-150945,"Julie Kriz","Tennsco Double-Tier Lockers",900.08
CA-2016-145905,"Anne McFarland","Tennsco Double-Tier Lockers",900.08
CA-2017-160633,"Bill Stewart","Hewlett Packard 610 Color Digital Copier / Printer",899.982
CA-2015-104941,"Dave Hallsten","Brother DCP1000 Digital 3 in 1 Multifunction Machine",899.97
CA-2015-146486,"Dianna Vittorini","Logitech VX Revolution Cordless Laser Mouse for Notebooks (Black)",899.95
CA-2015-109638,"Joseph Holt","Logitech G700s Rechargeable Gaming Mouse",899.91
CA-2015-103933,"Dan Reichenbach","Razer Kraken 7.1 Surround Sound Over Ear USB Gaming Headset",899.91
CA-2017-161774,"Greg Tran","Global Commerce Series Low-Back Swivel/Tilt Chairs",899.43
CA-2017-109085,"Christine Kargatis","Global Commerce Series Low-Back Swivel/Tilt Chairs",899.43
CA-2015-102281,"Mark Packer","Atlantic Metals Mobile 4-Shelf Bookcases, Custom Colors",899.136
US-2017-155425,"Ann Blume","Hon 2090 “Pillow Soft” Series Mid Back Swivel/Tilt Chairs",899.136
CA-2017-143245,"Alan Dominguez","Global Comet Stacking Armless Chair",897.15
CA-2014-165309,"Karen Daniels","GBC DocuBind TL300 Electric Binding System",896.99
CA-2014-114321,"Nick Crebassa","GBC DocuBind TL300 Electric Binding System",896.99
CA-2017-102407,"Alyssa Tate","Bevis 36 x 72 Conference Tables",896.328
CA-2017-130302,"Craig Yedwab","Logitech Wireless Gaming Headset G930",895.944
CA-2017-147291,"Max Jones","GBC DocuBind TL200 Manual Binding Machine",895.92
US-2017-111423,"Edward Hooks","GBC DocuBind TL200 Manual Binding Machine",895.92
CA-2017-155460,"Rob Williams","GBC DocuBind TL200 Manual Binding Machine",895.92
CA-2017-138149,"William Brown","GBC DocuBind TL200 Manual Binding Machine",895.92
CA-2017-115154,"Ricardo Sperren","Balt Solid Wood Round Tables",892.98
CA-2015-121188,"Cassandra Brandow","Hot File 7-Pocket, Floor Stand",892.35
CA-2017-117212,"Bradley Talbott","GuestStacker Chair with Chrome Finish Legs",892.224
CA-2015-161452,"Carol Adams","GuestStacker Chair with Chrome Finish Legs",892.224
CA-2016-165330,"William Brown","Hon Non-Folding Utility Tables",892.136
CA-2014-137274,"Mike Gockenbach","Bush Advantage Collection Racetrack Conference Table",890.841
CA-2017-117212,"Bradley Talbott","Toshiba IPT2010-SD IP Telephone",889.536
CA-2015-158421,"Giulietta Baptist","Stur-D-Stor Shelving, Vertical 5-Shelf: 72H x 36W x 18 1/2D",887.84
CA-2017-153045,"Neola Schneider","Global Comet Stacking Arm Chair",887.271
CA-2016-158778,"Dean Braden","Global Comet Stacking Arm Chair",887.271
CA-2014-168130,"Bill Shonely","Hon Olson Stacker Stools",887.103
CA-2016-133935,"Jane Waco","Global High-Back Leather Tilter, Burgundy",885.528
CA-2014-112158,"David Philippe","O'Sullivan Living Dimensions 5-Shelf Bookcases",883.92
CA-2015-123141,"Gary Zandusky","SAFCO Arco Folding Chair",883.84
CA-2015-135538,"Harold Ryan","SAFCO Arco Folding Chair",883.84
CA-2016-127761,"Scott Williamson","BlackBerry Q10",881.93
US-2014-165659,"Liz Thompson","Adtran 1202752G1",881.93
CA-2015-140984,"Craig Carroll","Sharp 1540cs Digital Laser Copier",879.984
CA-2017-161956,"Dan Reichenbach","Sharp 1540cs Digital Laser Copier",879.984
CA-2016-162236,"Elpida Rittenbach","BPI Conference Tables",876.3
CA-2017-139199,"Damala Kotsonis","Global Executive Mid-Back Manager's Chair",872.94
US-2017-128951,"Ricardo Sperren","Hon 5100 Series Wood Tables",872.94
CA-2014-166086,"Carol Triggs","Lifetime Advantage Folding Chairs, 4/Carton",872.32
CA-2016-168354,"Rick Huthwaite","Lifetime Advantage Folding Chairs, 4/Carton",872.32
CA-2016-113292,"Dave Brooks","Hoover WindTunnel Plus Canister Vacuum",871.8
US-2017-124821,"Anne McFarland","Chromcraft Bull-Nose Wood Round Conference Table Top, Wood Base",871.4
CA-2016-124352,"Cynthia Delaney","Hoover Upright Vacuum With Dirt Cup",868.59
CA-2016-110975,"Darren Budd","Hon 4070 Series Pagoda Round Back Stacking Chairs",866.646
CA-2017-155705,"Natalie Fritzler","Hon Multipurpose Stacking Arm Chairs",866.4
CA-2016-118514,"Liz Carlisle","Hon Multipurpose Stacking Arm Chairs",866.4
CA-2016-127698,"Mike Vittorini","Jabra Supreme Plus Driver Edition Headset",863.928
CA-2017-117079,"Jocasta Rupert","Wilson SignalBoost 841262 DB PRO Amplifier Kit",863.88
CA-2016-156685,"Scot Coram","Cisco SPA 502G IP Phone",863.64
US-2016-131611,"Emily Phan","Laminate Occasional Tables",863.128
CA-2016-144148,"Anna Häberlin","Laminate Occasional Tables",863.128
CA-2016-140382,"Ruben Dartt","Nortel Meridian M3904 Professional Digital phone",862.344
CA-2015-145814,"Katherine Ducich","Aastra 6757i CT Wireless VoIP phone",861.76
CA-2015-105627,"Dana Kaydos","Hon Mobius Operator's Chair",860.93
CA-2017-127782,"Thea Hudgings","Wilson Electronics DB Pro Signal Booster",859.2
CA-2016-108056,"Erin Smith","Wilson Electronics DB Pro Signal Booster",859.2
CA-2017-122364,"Frank Atkinson","Wilson Electronics DB Pro Signal Booster",859.2
CA-2017-108441,"Sarah Bern","Safco Contoured Stacking Chairs",858.24
US-2016-144057,"Cynthia Voltz","Hot File 7-Pocket, Floor Stand",856.656
CA-2014-163552,"Laura Armstrong","Global Commerce Series High-Back Swivel/Tilt Chairs",854.94
CA-2016-114727,"Linda Southworth","Hon 4700 Series Mobuis Mid-Back Task Chairs with Adjustable Arms",854.352
CA-2014-154963,"Anna Andreadi","Hon Deluxe Fabric Upholstered Stacking Chairs, Rounded Back",853.93
CA-2017-150266,"Rose O'Brian","Hon Deluxe Fabric Upholstered Stacking Chairs",853.93
CA-2014-142839,"Troy Staebel","Chromcraft Rectangular Conference Tables",853.092
CA-2015-136805,"Nathan Mautz","Harmony Air Purifier",850.5
CA-2017-147032,"Laurel Beltran","Fellowes PB200 Plastic Comb Binding Machine",849.95
US-2017-166324,"Brad Eason","Tennsco 6- and 18-Compartment Lockers",848.544
CA-2015-138898,"Justin Hirsh","Kensington 4 Outlet MasterPiece Compact Power Control Center",845.728
US-2016-162852,"Brooke Gillingham","Global Manager's Adjustable Task Chair, Storm",845.488
CA-2016-152555,"Maria Etezadi","Global Leather Highback Executive Chair with Pneumatic Height Adjustment, Black",844.116
CA-2015-112130,"Stewart Visinsky","Global Leather Highback Executive Chair with Pneumatic Height Adjustment, Black",844.116
CA-2017-121027,"Helen Wasserman","Plantronics Savi W720 Multi-Device Wireless Headset System",843.9
CA-2015-113152,"Jim Karlsson","Plantronics Savi W720 Multi-Device Wireless Headset System",843.9
CA-2016-168893,"Arthur Prichep","Global Adaptabilities Conference Tables",842.94
CA-2016-114860,"Duane Noonan","Deflect-o DuraMat Antistatic Studded Beveled Mat for Medium Pile Carpeting",842.72
CA-2017-128734,"James Lanier","Global Leather Executive Chair",842.376
CA-2015-132486,"Jay Fein","Office Star - Professional Matrix Back Chair with 2-to-1 Synchro Tilt and Mesh Fabric Seat",842.352
CA-2016-149797,"Adam Hart","GBC DocuBind 300 Electric Binding Machine",841.568
CA-2017-161956,"Dan Reichenbach","GBC DocuBind 300 Electric Binding Machine",841.568
CA-2016-153682,"Brooke Gillingham","Canon Imageclass D680 Copier / Fax",839.988
CA-2017-155376,"Sandra Glassco","Sanyo 2.5 Cubic Foot Mid-Size Office Refrigerators",839.43
US-2014-106299,"Nick Zandusky","Smead Adjustable Mobile File Trolley with Lockable Top",838.38
CA-2016-150350,"Maxwell Schwartz","Okidata C331dn Printer",837.6
CA-2016-127649,"Dionis Lloyd","Okidata C331dn Printer",837.6
US-2016-143819,"Karen Daniels","Chromcraft Round Conference Tables",836.592
US-2016-142685,"Maureen Gnade","Compact Automatic Electric Letter Opener",835.17
CA-2014-140396,"Katharine Harms","Toshiba IPT2010-SD IP Telephone",833.94
CA-2014-125556,"Maris LaWare","Polycom SoundPoint Pro SE-225 Corded phone",832.93
US-2015-134026,"Joel Eaton","High-Back Leather Manager's Chair",831.936
CA-2015-160472,"Ralph Kennedy","Imation Bio 8GB USB Flash Drive Imation Corp",831.2
CA-2014-136336,"Dorothy Badders","SAFCO Commercial Wire Shelving, Black",828.84
CA-2017-141439,"Tonja Turnell","SAFCO Arco Folding Chair",828.6
CA-2017-152912,"Brian Moss","Maxell iVDR EX 500GB Cartridge",826.62
CA-2015-154746,"Patrick Jones","Honeywell Enviracaire Portable HEPA Air Cleaner for 16' x 20' Room",826.11
CA-2014-160094,"Justin MacKendrick","Economy Rollaway Files",826
CA-2017-140326,"Helen Wasserman","Bush Birmingham Collection Bookcase, Dark Cherry",825.174
CA-2015-110765,"Michael Paige","Mitel MiVoice 5330e IP Phone",824.97
CA-2017-151981,"Gary Mitchum","Ativa D5772 2-Line 5.8GHz Digital Expandable Corded/Cordless Phone System with Answering & Caller ID/Call Waiting, Black/Silver",824.95
US-2017-105389,"Darrin Martin","Jabra SPEAK 410 Multidevice Speakerphone",823.96
CA-2016-152471,"Zuschuss Donatelli","Jabra SPEAK 410 Multidevice Speakerphone",823.96
US-2015-164308,"Steve Carroll","AT&T 1080 Phone",821.94
CA-2017-101042,"Adrian Barton","3M Polarizing Task Lamp with Clamp Arm, Light Gray",821.88
CA-2014-131002,"Tom Boeckenhauer","3M Polarizing Task Lamp with Clamp Arm, Light Gray",821.88
CA-2014-145317,"Sean Miller","Hewlett-Packard Deskjet 6540 Color Inkjet Printer",821.3
US-2014-138247,"Ben Ferrer","Cisco Unified IP Phone 7945G VoIP phone",818.376
US-2016-146066,"Rick Bensley","Iceberg OfficeWorks 42 Round Tables",815.292
CA-2016-152555,"Maria Etezadi","Jabra BIZ 2300 Duo QD Duo Corded Headset",812.736
CA-2017-137022,"Scott Williamson","Tennsco Regal Shelving Units",811.28
CA-2014-111962,"Evan Bailliet","Fellowes Super Stor/Drawer Files",807.75
CA-2014-109897,"Ben Wallace","BlackBerry Q10",806.336
CA-2015-102582,"Natalie Webber","Bretford CR8500 Series Meeting Room Furniture",801.96
CA-2015-121650,"Keith Dawkins","Bretford CR8500 Series Meeting Room Furniture",801.96
US-2017-142573,"Maris LaWare","Chromcraft 48 x 96 Racetrack Double Pedestal Table",801.6
US-2016-105578,"Maribeth Yedwab","Global Troy Executive Leather Low-Back Tilter",801.568
CA-2014-125997,"Mitch Webber","DMI Eclipse Executive Suite Bookcases",801.568
CA-2014-116932,"Michelle Ellison","Global Troy Executive Leather Low-Back Tilter",801.568
CA-2016-133935,"Jane Waco","Global Troy Executive Leather Low-Back Tilter",801.568
CA-2015-143105,"Matt Abelman","Hewlett Packard 610 Color Digital Copier / Printer",799.984
CA-2017-104801,"Fred Harton","Razer Tiamat Over Ear 7.1 Surround Sound PC Gaming Headset",799.96
CA-2014-120670,"Julie Kriz","Razer Kraken 7.1 Surround Sound Over Ear USB Gaming Headset",799.92
CA-2016-157259,"Jessica Myrick","Luxo Adjustable Task Clamp Lamp",799.56
US-2014-141215,"Kelly Lampkin","Global Commerce Series High-Back Swivel/Tilt Chairs",797.944
US-2014-140914,"Brosina Hoffman","Global Commerce Series High-Back Swivel/Tilt Chairs",797.944
CA-2015-124975,"Michael Grace","Hon Rectangular Conference Tables",796.425
CA-2015-121783,"Philisse Overcash","Tennsco 6- and 18-Compartment Lockers",795.51
US-2017-147886,"Dave Hallsten","SAFCO Boltless Steel Shelving",795.48
CA-2014-141649,"Dario Medina","Eureka Sanitaire  Commercial Upright",795.408
CA-2015-102876,"Lisa Ryan","Samsung Galaxy Note 3",791.964
CA-2017-152933,"Matthew Grinstein","Plantronics CS510 - Over-the-Head monaural Wireless Headset System",791.88
CA-2015-110457,"Dave Kipp","Hon Racetrack Conference Tables",787.53
US-2016-141544,"Patrick O'Brill","Hon 2090 “Pillow Soft” Series Mid Back Swivel/Tilt Chairs",786.744
CA-2017-108560,"Jenna Caffey","Dot Matrix Printer Tape Reel Labels, White, 5000/Box",786.48
CA-2014-126403,"Rick Reed","Global Italian Leather Office Chair",785.88
CA-2015-155306,"George Ashbrook","Plantronics Calisto P620-M USB Wireless Speakerphone System",783.96
CA-2014-121573,"Speros Goranitis","Panasonic KX-TG9471B",783.96
CA-2016-153318,"Jill Stevenson","Panasonic KX-TG9471B",783.96
CA-2017-121888,"Carl Ludwig","Atlantic Metals Mobile 3-Shelf Bookcases, Custom Colors",782.94
CA-2016-164770,"Muhammed Yedwab","Sauder Camden County Collection Library",781.864
CA-2014-103373,"Bruce Stewart","Apple iPhone 5",779.796
CA-2015-126725,"Brian Stugart","Fellowes Recycled Storage Drawers",777.21
US-2017-141558,"Marc Harrigan","Nortel Meridian M5316 Digital phone",776.85
CA-2015-149846,"Sarah Brown","Aastra 57i VoIP phone",775.728
CA-2015-165050,"Alan Hwang","Digium D40 VoIP phone",773.94
CA-2016-161025,"Gary McGarr","Fellowes Staxonsteel Drawer Files",772.68
CA-2015-132465,"Don Miller","Fellowes Staxonsteel Drawer Files",772.68
US-2017-133200,"Dorothy Badders","Fellowes Staxonsteel Drawer Files",772.68
CA-2014-127558,"Shahid Shariari","Logitech P710e Mobile Speakerphone",772.47
CA-2016-133795,"Jeremy Ellison","Logitech P710e Mobile Speakerphone",772.47
CA-2016-127138,"Dean Katz","Hon 4070 Series Pagoda Round Back Stacking Chairs",770.352
CA-2015-105627,"Dana Kaydos","Nortel Meridian M3904 Professional Digital phone",769.95
CA-2016-161907,"Justin Hirsh","Premier Automatic Letter Opener",769.184
CA-2014-110786,"Anthony Johnson","DYMO CardScan Personal V9 Business Card Scanner",767.952
CA-2014-163447,"Thomas Brumley","Global Push Button Manager's Chair, Indigo",767.214
US-2017-124968,"Michelle Moray","BoxOffice By Design Rectangular and Half-Moon Meeting Room Tables",765.625
CA-2014-168494,"Nora Preis","Hon Non-Folding Utility Tables",764.688
CA-2017-132178,"Darren Budd","Fellowes Stor/Drawer Steel Plus Storage Drawers",763.44
CA-2014-101602,"Mick Crebagga","Lifetime Advantage Folding Chairs, 4/Carton",763.28
CA-2017-152093,"Skye Norling","Fellowes PB500 Electric Punch Plastic Comb Binding Machine with Manual Bind",762.594
CA-2017-122504,"Deborah Brumfield","Plantronics CS 50-USB - headset - Convertible, Monaural",761.544
US-2017-148551,"David Bremer","GBC Ibimaster 500 Manual ProClick Binding System",760.98
CA-2017-128944,"Katharine Harms","Global Ergonomic Managers Chair",760.116
CA-2014-138940,"Gary Mitchum","Jawbone JAMBOX Wireless Bluetooth Speaker",758.352
CA-2016-157280,"Liz Willingham","Tenex Chairmat w/ Average Lip, 45 x 53",756.8
CA-2016-120369,"Victoria Brennan","Tenex Chairmat w/ Average Lip, 45 x 53",756.8
CA-2014-167199,"Maria Etezadi","Wireless Extenders zBoost YX545 SOHO Signal Booster",755.96
CA-2014-103492,"Craig Molinari","Cisco 8x8 Inc. 6753i IP Business Phone System",755.944
CA-2016-156300,"Troy Blackwell","Global Leather & Oak Executive Chair, Burgundy",754.45
CA-2017-137631,"Janet Lee","Samsung Galaxy S4 Mini",751.984
CA-2016-157336,"Shirley Jackson","Hon Every-Day Series Multi-Task Chairs",751.92
CA-2017-121741,"Yoseph Carroll","Tennsco Single-Tier Lockers",750.68
US-2015-154389,"Eugene Hildebrand","LG Exalt",748.752
US-2016-157945,"Natalie Fritzler","Hon 4700 Series Mobuis Mid-Back Task Chairs with Adjustable Arms",747.558
CA-2014-134572,"Seth Vernon","Bush Advantage Collection Round Conference Table",744.1
CA-2016-133816,"Christopher Schild","ClearOne CHATAttach 160 - speaker phone",743.988
US-2014-167262,"Amy Cox","Plantronics HL10 Handset Lifter",742.336
CA-2017-153871,"Richard Bierner","Ibico Ibimaster 300 Manual Binding System",735.98
CA-2016-118689,"Tamara Chand","Ibico Ibimaster 300 Manual Binding System",735.98
CA-2017-150497,"Suzanne McNair","Ibico Ibimaster 300 Manual Binding System",735.98
CA-2014-140662,"Thomas Seio","Xerox 1941",733.95
CA-2016-152156,"Claire Gute","Hon Deluxe Fabric Upholstered Stacking Chairs, Rounded Back",731.94
CA-2014-124702,"Maya Herman","Lesro Round Back Collection Coffee Table, End Table",730.2
CA-2016-121223,"Giulietta Dortch","Cisco 8x8 Inc. 6753i IP Business Phone System",728.946
CA-2015-121188,"Cassandra Brandow","Carina Double Wide Media Storage Towers in Natural & Black",728.82
US-2016-100839,"Noah Childs","Hon 5100 Series Wood Tables",727.45
US-2016-160528,"Mick Hernandez","SAFCO Boltless Steel Shelving",727.296
CA-2017-163979,"Kristen Hastings","Adjustable Depth Letter/Legal Cart",725.84
CA-2017-108539,"Steven Cartwright","Adjustable Depth Letter/Legal Cart",725.84
US-2014-144078,"Richard Bierner","Hon GuestStacker Chair",725.344
CA-2015-146563,"Cassandra Brandow","Space Solutions Commercial Steel Shelving",724.08
CA-2017-124765,"Henia Zydlo","O'Sullivan Manor Hill 2-Door Library in Brianna Oak",723.92
CA-2017-157931,"Meg O'Connel","Global Ergonomic Managers Chair",723.92
CA-2015-100146,"Claudia Bergmann","Global Leather and Oak Executive Chair, Black",722.352
CA-2016-102981,"Mary O'Rourke","Atlantic Metals Mobile 5-Shelf Bookcases, Custom Colors",722.352
CA-2017-168389,"Darrin Van Huff","BoxOffice By Design Rectangular and Half-Moon Meeting Room Tables",721.875
CA-2016-158694,"Arianne Irving","Standard Rollaway File with Lock",720.76
CA-2017-100951,"Noah Childs","Standard Rollaway File with Lock",720.76
CA-2015-102260,"Sanjit Jacobs","Tennsco Double-Tier Lockers",720.064
CA-2017-165204,"Michael Nguyen","Tennsco Double-Tier Lockers",720.064
CA-2014-140473,"Mark Cousins","Brother DCP1000 Digital 3 in 1 Multifunction Machine",719.976
CA-2016-146206,"Kean Thornton","Polycom VVX 310 VoIP phone",719.96
CA-2014-103492,"Craig Molinari","Motorola Droid Maxx",719.952
CA-2015-150714,"Kristen Hastings","Fellowes Officeware Wire Shelving",718.64
CA-2017-112529,"Stewart Carmichael","Bush Andora Conference Table, Maple/Graphite Gray Finish",718.116
US-2015-129007,"Ken Dana","Global Comet Stacking Armless Chair",717.72
CA-2014-117464,"Naresj Patel","Global Comet Stacking Armless Chair",717.72
CA-2015-142202,"Justin Ritter","Enermax Acrylux Wireless Keyboard",717.12
CA-2015-136469,"Todd Sumrall","Wilson Electronics DB Pro Signal Booster",716
CA-2015-121783,"Philisse Overcash","Hoover Shoulder Vac Commercial Portable Vacuum",715.64
CA-2016-112585,"Rob Williams","Hoover Shoulder Vac Commercial Portable Vacuum",715.64
CA-2015-162887,"Stewart Visinsky","Safco Contoured Stacking Chairs",715.2
CA-2016-127369,"Dave Brooks","Letter Size Cart",714.3
CA-2015-158659,"Steve Chapman","Letter Size Cart",714.3
CA-2017-107132,"Scott Cohen","Hot File 7-Pocket, Floor Stand",713.88
CA-2015-133452,"Zuschuss Carroll","Hon 94000 Series Round Tables",710.832
CA-2017-156776,"Jeremy Lonsdale","Polycom VoiceStation 500 Conference phone",707.88
CA-2017-117401,"Paul Prost","Avanti 1.7 Cu. Ft. Refrigerator",706.86
CA-2016-168543,"Dean Katz","Avanti 1.7 Cu. Ft. Refrigerator",706.86
CA-2016-118626,"John Castell","HTC One Mini",705.544
CA-2015-148635,"Michelle Huthwaite","Sauder Forest Hills Library, Woodland Oak Finish",704.9
CA-2017-111332,"Nat Carroll","Fellowes High-Stak Drawer Files",704.76
CA-2016-164574,"Ritsa Hightower","Fellowes High-Stak Drawer Files",704.76
CA-2016-100790,"John Grady","Fellowes Strictly Business Drawer File, Letter/Legal Size",704.25
CA-2014-141313,"Anthony Jacobs","Fellowes Strictly Business Drawer File, Letter/Legal Size",704.25
CA-2014-144666,"Jeremy Pistek","Samsung Galaxy Note 3",703.968
US-2016-157490,"Laurel Beltran","Zebra GK420t Direct Thermal/Thermal Transfer Printer",703.71
CA-2017-143756,"Max Engle","Office Star - Professional Matrix Back Chair with 2-to-1 Synchro Tilt and Mesh Fabric Seat",701.96
US-2017-109610,"Brendan Sweed","Office Star - Professional Matrix Back Chair with 2-to-1 Synchro Tilt and Mesh Fabric Seat",701.96
US-2016-156097,"Eugene Hildebrand","Global Troy Executive Leather Low-Back Tilter",701.372
CA-2015-113404,"Eleni McCrary","Hon 4070 Series Pagoda Armless Upholstered Stacking Chairs",700.152
CA-2014-155887,"Kean Thornton","Bevis Traditional Conference Table Top, Plinth Base",700.056
CA-2016-109722,"Theone Pippenger","Samsung Galaxy S III - 16GB - pebble blue (T-Mobile)",699.98
CA-2015-154326,"Roy Phan","Samsung Galaxy S III - 16GB - pebble blue (T-Mobile)",699.98
US-2014-147627,"Hunter Lopez","Apple iPhone 5C",699.93
CA-2017-126914,"Joe Elijah","Global Executive Mid-Back Manager's Chair",698.352
CA-2014-129924,"Alyssa Crouse","Hon 5100 Series Wood Tables",698.352
CA-2016-105081,"Joe Elijah","Global Executive Mid-Back Manager's Chair",698.352
CA-2017-124436,"Sue Ann Reed","Chromcraft Round Conference Tables",697.16
CA-2016-127670,"Robert Dilbeck","Chromcraft Round Conference Tables",697.16
CA-2015-150875,"Heather Kirkland","Bretford CR4500 Series Slim Rectangular Table",696.42
CA-2016-147368,"Toby Carlisle","Cisco CP-7937G Unified IP Conference Station Phone",695.7
CA-2017-113481,"Aaron Smayling","Cisco CP-7937G Unified IP Conference Station Phone",695.7
CA-2017-119578,"Jason Gross","Premier Electric Letter Opener",695.16
CA-2016-154662,"Benjamin Farhat","Bush Cubix Conference Tables, Fully Assembled",692.94
CA-2015-166975,"Stefanie Holloman","Howard Miller 12-3/4 Diameter Accuwave DS  Wall Clock",692.472
CA-2017-161053,"Joel Eaton","Ibico EB-19 Dual Function Manual Binding System",691.96
CA-2014-149104,"Ruben Dartt","Space Solutions HD Industrial Steel Shelving.",689.82
CA-2017-107321,"Arthur Wiediger","Aastra 6757i CT Wireless VoIP phone",689.408
CA-2015-103954,"Hallie Redmond","O'Sullivan Cherrywood Estates Traditional Barrister Bookcase",687.4
CA-2016-158260,"Cindy Chapman","Okidata B400 Printer",686.4
CA-2014-146969,"Arthur Prichep","Star Micronics TSP800 TSP847IIU Receipt Printer",686.32
US-2017-169551,"Rob Lucas","Apple iPhone 5S",683.988
CA-2017-113558,"Patricia Hirasaki","Global Commerce Series High-Back Swivel/Tilt Chairs",683.952
CA-2015-104948,"Keith Herrera","O'Sullivan Living Dimensions 3-Shelf Bookcases",683.332
CA-2014-159310,"Steven Cartwright","Hon Deluxe Fabric Upholstered Stacking Chairs, Squared Back",683.144
CA-2015-137925,"Janet Lee","Hon Metal Bookcases, Black",681.408
CA-2017-113530,"Becky Castell","Situations Contoured Folding Chairs, 4/Set",681.408
CA-2016-160108,"Arthur Gainer","Hon GuestStacker Chair",680.01
CA-2016-144309,"Chris McAfee","Fellowes PB200 Plastic Comb Binding Machine",679.96
CA-2017-100524,"Chad McGuire","Polycom SoundPoint IP 450 VoIP phone",677.58
CA-2017-144526,"Quincy Jones","Polycom SoundPoint IP 450 VoIP phone",677.58
CA-2016-127138,"Dean Katz","Tennsco Stur-D-Stor Boltless Shelving, 5 Shelves, 24 Deep, Sand",676.55
CA-2015-157084,"James Galang","ShoreTel ShorePhone IP 230 VoIP phone",675.96
CA-2014-129091,"Ruben Ausman","Holmes Harmony HEPA Air Purifier for 17 x 20 Room",675.12
CA-2017-146192,"Bruce Degenhardt","Tennsco Double-Tier Lockers",675.06
CA-2014-126760,"Kunst Miller","Hon 2090 “Pillow Soft” Series Mid Back Swivel/Tilt Chairs",674.352
CA-2016-164399,"Dianna Wilson","Global Adaptabilities Conference Tables",674.352
US-2014-161613,"Matt Connell","Hon 4070 Series Pagoda Round Back Stacking Chairs",674.058
CA-2016-153178,"Clay Ludtke","GBC DocuBind 200 Manual Binding Machine",673.568
CA-2014-128055,"Alex Avila","GBC DocuBind 200 Manual Binding Machine",673.568
CA-2017-130505,"Natalie Fritzler","Chromcraft 48 x 96 Racetrack Double Pedestal Table",673.344
CA-2017-134915,"Eugene Moren","Samsung Galaxy Mega 6.3",671.984
CA-2015-163587,"Emily Phan","GBC DocuBind TL200 Manual Binding Machine",671.94
CA-2015-110744,"Helen Andreada","Safco Industrial Wire Shelving",671.93
US-2017-159205,"Daniel Byrd","Vtech CS6719",671.93
CA-2016-131968,"Laurel Beltran","Sanyo 2.5 Cubic Foot Mid-Size Office Refrigerators",671.544
CA-2015-137064,"Trudy Schmidt","Tennsco Snap-Together Open Shelving Units, Starter Sets and Add-On Units",670.752
CA-2014-168984,"Natalie Webber","Office Impressions Heavy Duty Welded Shelving & Multimedia Storage Drawers",669.08
CA-2015-130113,"Aaron Hawkins","Geemarc AmpliPOWER60",668.16
US-2016-160528,"Mick Hernandez","WD My Passport Ultra 2TB Portable External Hard Drive",666.4
CA-2014-125829,"William Brown","Polycom SoundPoint Pro SE-225 Corded phone",666.344
US-2015-138303,"Mike Gockenbach","Martin Yale Chadless Opener Electric Letter Opener",666.248
CA-2014-105893,"Pete Kriz","Stur-D-Stor Shelving, Vertical 5-Shelf: 72H x 36W x 18 1/2D",665.88
CA-2015-107937,"Julia Barnett","Rubbermaid ClusterMat Chairmats, Mat Size- 66 x 60, Lip 20 x 11 -90 Degree Angle",665.88
CA-2017-147277,"Ed Braxton","Deluxe Rollaway Locking File with Drawer",665.408
CA-2017-164378,"Michelle Moray","Hon Mobius Operator's Chair",664.146
US-2017-120089,"Max Ludwig","Kensington 7 Outlet MasterPiece Power Center with Fax/Phone Line Protection",663.936
CA-2017-120168,"Trudy Brown","GBC DocuBind P100 Manual Binding Machine",663.92
US-2015-130512,"Sean Miller","SAFCO Commercial Wire Shelving, Black",663.072
CA-2014-134551,"Tony Sayre","SAFCO Arco Folding Chair",662.88
CA-2016-112109,"Joe Elijah","SAFCO Arco Folding Chair",662.88
CA-2016-146934,"Art Ferguson","Eureka Sanitaire  Commercial Upright",662.84
CA-2016-125080,"Victoria Wilson","Chromcraft Bull-Nose Wood 48 x 96 Rectangular Conference Tables",661.176
CA-2014-150798,"Joe Kamberova","Sharp 1540cs Digital Laser Copier",659.988
CA-2017-103380,"Barry Franz","Mitel MiVoice 5330e IP Phone",659.976
US-2017-101539,"Valerie Mitchum","Mitel MiVoice 5330e IP Phone",659.976
CA-2014-166051,"Jim Karlsson","Samsung Galaxy Note 3",659.97
US-2016-163881,"Sung Pak","Plantronics CS510 - Over-the-Head monaural Wireless Headset System",659.9
US-2015-126977,"Peter Fuller","Plantronics CS510 - Over-the-Head monaural Wireless Headset System",659.9
CA-2017-117198,"Barry Gonzalez","Plantronics CS510 - Over-the-Head monaural Wireless Headset System",659.9
CA-2015-126557,"Rob Lucas","GE 2-Jack Phone Line Splitter",659.168
CA-2016-120530,"Dorris liebe","Hon Deluxe Fabric Upholstered Stacking Chairs, Rounded Back",658.746
CA-2016-139395,"Matthew Grinstein","Jabra SPEAK 410",657.93
CA-2014-159835,"Randy Bradley","Hon Every-Day Series Multi-Task Chairs",657.93
CA-2014-129189,"Harry Marie","Hon Every-Day Series Multi-Task Chairs",657.93
CA-2016-132731,"George Ashbrook","AT&T 1080 Phone",657.552
CA-2017-105410,"Natalie DeCherney","Jawbone MINI JAMBOX Wireless Bluetooth Speaker",657.504
CA-2017-142034,"Karen Bern","Imation Bio 2GB USB Flash Drive Imation Corp",655.9
CA-2015-135685,"Mike Pelletier","Chromcraft Bull-Nose Wood Round Conference Table Top, Wood Base",653.55
CA-2014-169803,"Scott Cohen","Chromcraft Bull-Nose Wood Round Conference Table Top, Wood Base",653.55
US-2017-165344,"Sean Braxton","Epson TM-T88V Direct Thermal Printer - Monochrome - Desktop",652.995
US-2017-117247,"Cyma Kinney","Bevis Oval Conference Table, Walnut",652.45
CA-2016-163328,"Tracy Poddar","Global Enterprise Series Seating High-Back Swivel/Tilt Chairs",650.352
CA-2017-109183,"Lena Radford","Okidata C610n Printer",649
US-2015-159982,"Dan Reichenbach","Logitech Mobile Speakerphone P710e - speaker phone",647.904
CA-2014-136644,"Sonia Cooley","Global Geo Office Task Chair, Gray",647.84
CA-2017-155698,"Victoria Brennan","Belkin 8 Outlet SurgeMaster II Gold Surge Protector with Phone Protection",647.84
US-2015-120161,"Liz MacKendrick","Fellowes Officeware Wire Shelving",646.776
CA-2014-162775,"Chris Selesnick","Plantronics S12 Corded Telephone Headset System",646.74
CA-2017-139717,"Darrin Martin","Avanti 1.7 Cu. Ft. Refrigerator",646.272
CA-2014-163034,"Darren Koutras","Fellowes Super Stor/Drawer Files",646.2
CA-2015-112452,"Nat Carroll","Hoover Shoulder Vac Commercial Portable Vacuum",644.076
CA-2015-156734,"Benjamin Venier","Global Leather Highback Executive Chair with Pneumatic Height Adjustment, Black",643.136
CA-2016-157245,"Laurel Elliston","Hon 4070 Series Pagoda Round Back Stacking Chairs",641.96
US-2015-136987,"Andy Reiter","Canon PC-428 Personal Copier",639.968
CA-2017-143574,"Dan Reichenbach","Hon Metal Bookcases, Putty",638.82
US-2014-156559,"Lena Hernandez","Hon Metal Bookcases, Gray",638.82
CA-2017-133004,"Ashley Jarboe","Tripp Lite Isotel 8 Ultra 8 Outlet Metal Surge",638.73
CA-2016-142398,"Beth Paige","Hon Comfortask Task/Swivel Chairs",638.288
CA-2016-145730,"Chris Cortes","Office Impressions End Table, 20-1/2H x 24W x 20D",637.896
CA-2017-125451,"Adam Hart","Office Impressions End Table, 20-1/2H x 24W x 20D",637.896
CA-2015-154284,"Sam Zeldin","Enermax Acrylux Wireless Keyboard",637.44
CA-2015-109575,"Ken Heidel","Safco Industrial Wire Shelving System",636.86
US-2014-140116,"Kean Thornton","Tennsco 6- and 18-Compartment Lockers",636.408
CA-2016-133550,"Ken Lonsdale","ClearOne Communications CHAT 70 OC Speaker Phone",635.96
CA-2014-113880,"Vicky Freymann","Novimex Swivel Fabric Task Chair",634.116
CA-2015-141040,"Tim Brockman","Jawbone JAMBOX Wireless Bluetooth Speaker",631.96
CA-2016-100510,"Harry Marie","Jawbone JAMBOX Wireless Bluetooth Speaker",631.96
CA-2014-125997,"Mitch Webber","Global Leather Executive Chair",631.782
CA-2016-120355,"Magdelene Morse","Global Leather Executive Chair",631.782
CA-2017-155075,"Giulietta Weimer","GBC DocuBind 300 Electric Binding Machine",631.176
CA-2016-130820,"Odella Nelson","Hon Racetrack Conference Tables",630.024
CA-2017-119193,"Sally Knutson","Panasonic KX-TG9541B DECT 6.0 Digital 2-Line Expandable Cordless Phone With Digital Answering System",629.958
CA-2017-159156,"Ken Brennan","Nokia Lumia 925",629.95
CA-2016-163804,"Deborah Brumfield","VTech DS6151",629.95
CA-2014-125997,"Mitch Webber","Ooma Telo VoIP Home Phone System",629.95
CA-2015-158421,"Giulietta Baptist","HTC One Mini",629.95
CA-2014-128846,"Roland Schwarz","AT&T TR1909W",629.95
CA-2015-127173,"Gene McClure","Ativa MDM8000 8-Sheet Micro-Cut Shredder",629.93
CA-2017-103968,"Max Ludwig","Tenex The Solids Textured Chair Mats",629.64
CA-2016-163328,"Tracy Poddar","Dot Matrix Printer Tape Reel Labels, White, 5000/Box",629.184
CA-2016-152730,"Eugene Moren","Xerox 1915",629.1
CA-2017-114055,"Mick Hernandez","Xerox 1915",629.1
CA-2014-102274,"Dave Hallsten","Multicolor Computer Printout Paper",629.1
CA-2014-151295,"Joseph Airdo","Bevis Boat-Shaped Conference Table",629.064
CA-2017-147361,"Sean Braxton","Fellowes Officeware Wire Shelving",628.81
CA-2017-144498,"Mick Brown","GE 30524EE4",627.168
CA-2014-136399,"Chad Cunningham","GE 30524EE4",627.168
CA-2014-105648,"Eva Jacobs","Bevis Oval Conference Table, Walnut",626.352
CA-2015-102281,"Mark Packer","Atlantic Metals Mobile 3-Shelf Bookcases, Custom Colors",626.352
CA-2016-168032,"David Flashing","Bretford “Just In Time” Height-Adjustable Multi-Task Work Tables",626.1
CA-2015-116876,"Ted Trevino","Samsung Galaxy S4",625.99
CA-2015-139248,"Russell D'Ascenzo","Motorola L703CM",623.96
CA-2016-135461,"Erica Bern","Motorola L703CM",623.96
US-2017-133200,"Dorothy Badders","Sauder Mission Library with Doors, Fruitwood Finish",623.4648
CA-2015-163055,"David Smith","Bevis 36 x 72 Conference Tables",622.45
CA-2015-112144,"Craig Yedwab","Electrix Halogen Magnifier Lamp",621.76
US-2017-100930,"Christopher Schild","Bretford Rectangular Conference Table Tops",620.6145
CA-2017-127026,"Mick Hernandez","Logitech G19 Programmable Gaming Keyboard",619.95
CA-2015-124107,"Brian Moss","Logitech G19 Programmable Gaming Keyboard",619.95
CA-2015-142755,"Christine Sundaresam","Logitech G19 Programmable Gaming Keyboard",619.95
CA-2015-131856,"James Galang","Digium D40 VoIP phone",619.152
US-2017-100930,"Christopher Schild","Logitech P710e Mobile Speakerphone",617.976
US-2015-115343,"Frank Olsen","Logitech P710e Mobile Speakerphone",617.976
CA-2014-117639,"Mitch Willingham","Plantronics Voyager Pro Legend",617.97
CA-2014-130624,"Toby Braunhardt","GE 2-Jack Phone Line Splitter",617.97
US-2014-134614,"Philip Fox","Bevis 44 x 96 Conference Tables",617.7
CA-2014-101931,"Todd Sumrall","O'Sullivan Living Dimensions 2-Shelf Bookcases",616.998
CA-2017-142622,"Jim Karlsson","Global Super Steno Chair",614.272
CA-2015-130183,"Patrick O'Brill","Atlantic Metals Mobile 5-Shelf Bookcases, Custom Colors",613.9992
US-2014-148838,"Christine Phan","Hon 30 x 60 Table with Locking Drawer",613.908
CA-2014-105984,"Muhammed Yedwab","Global Executive Mid-Back Manager's Chair",611.058
CA-2014-167199,"Maria Etezadi","Ibico Hi-Tech Manual Binding System",609.98
US-2015-168704,"Frank Preis","Chromcraft Bull-Nose Wood Round Conference Table Top, Wood Base",609.98
CA-2017-146164,"Charlotte Melton","Office Impressions End Table, 20-1/2H x 24W x 20D",607.52
CA-2014-133592,"Katherine Murray","Global Fabric Manager's Chair, Dark Gray",605.88
CA-2014-115084,"Luke Schmidt","Office Star Flex Back Scooter Chair with Aluminum Finish Frame",605.34
CA-2017-157273,"Sam Zeldin","Mitel 5320 IP Phone VoIP phone",604.768
CA-2014-145254,"Nick Crebassa","VTech DS6151",604.752
CA-2014-120838,"Patrick O'Donnell","Ooma Telo VoIP Home Phone System",604.752
CA-2014-128888,"Peter Bühler","Ames Color-File Green Diamond Border X-ray Mailers",604.656
CA-2014-163419,"Tracy Zic","Global Airflow Leather Mesh Back Chair, Black",603.92
CA-2017-142034,"Karen Bern","Global Airflow Leather Mesh Back Chair, Black",603.92
US-2014-157385,"Sanjit Chand","Novimex Swivel Fabric Task Chair",603.92
CA-2014-135608,"Jim Karlsson","DMI Arturo Collection Mission-style Design Wood Chair",603.92
US-2014-133130,"Thea Hendricks","DMI Arturo Collection Mission-style Design Wood Chair",603.92
US-2015-165512,"Vivek Sundaresam","Global High-Back Leather Tilter, Burgundy",602.651
CA-2015-108665,"Kalyca Meade","Iceberg Mobile Mega Data/Printer Cart ",601.65
CA-2015-149972,"Cynthia Delaney","Hon Every-Day Series Multi-Task Chairs",601.536
CA-2014-158372,"Ruben Dartt","Jabra SPEAK 410",601.536
US-2016-115455,"Sanjit Engle","Bretford CR8500 Series Meeting Room Furniture",601.47
CA-2014-160766,"Darrin Martin","Honeywell Enviracaire Portable HEPA Air Cleaner for 17' x 22' Room",601.3
CA-2017-163265,"Joy Smith","Global Deluxe High-Back Manager's Chair",600.558
US-2014-152030,"Alan Dominguez","Global Deluxe High-Back Manager's Chair",600.558
CA-2017-144491,"Caroline Jumper","Global Deluxe High-Back Manager's Chair",600.558
CA-2015-154284,"Sam Zeldin","Star Micronics TSP800 TSP847IIU Receipt Printer",600.53
CA-2015-158939,"Erin Ashbrook","Canon PC1080F Personal Copier",599.99
CA-2017-159282,"Gary Hansen","Swingline SM12-08 MicroCut Jam Free Shredder",599.985
CA-2015-112452,"Nat Carroll","Brother DCP1000 Digital 3 in 1 Multifunction Machine",599.98
US-2017-165358,"Seth Vernon","Canon PC-428 Personal Copier",599.97
CA-2017-148922,"Stephanie Ulpright","Razer Tiamat Over Ear 7.1 Surround Sound PC Gaming Headset",599.97
US-2015-166520,"Katrina Edelman","Kensington Orbit Wireless Mobile Trackball for PC and Mac",599.9
CA-2016-144939,"Emily Burns","Office Star - Contemporary Task Swivel Chair",599.292
US-2016-108497,"Marc Harrigan","Bush Heritage Pine Collection 5-Shelf Bookcase, Albany Pine Finish, *Special Order",599.165
CA-2015-154823,"Katherine Nockton","Global Commerce Series High-Back Swivel/Tilt Chairs",598.458
CA-2017-121503,"Frank Hawley","Hewlett-Packard Deskjet 5550 Printer",597.132
CA-2016-131835,"Matt Collister","Bose SoundLink Bluetooth Speaker",597
CA-2015-149342,"Theresa Swint","GE 48 Fluorescent Tube, Cool White Energy Saver, 34 Watts, 30/Box",595.38
CA-2016-107104,"Maribeth Schnelling","GE 48 Fluorescent Tube, Cool White Energy Saver, 34 Watts, 30/Box",595.38
CA-2016-103464,"Patrick Gardner","WD My Passport Ultra 2TB Portable External Hard Drive",595
CA-2017-168655,"Michelle Lonsdale","WD My Passport Ultra 2TB Portable External Hard Drive",595
CA-2017-121853,"Duane Benoit","GuestStacker Chair with Chrome Finish Legs",594.816
CA-2016-114727,"Linda Southworth","Sauder Facets Collection Locker/File Cabinet, Sky Alder Finish",593.568
CA-2017-152436,"Carl Weiss","Recycled Data-Pak for Archival Bound Computer Printouts, 12-1/2 x 12-1/2 x 16",592.74
CA-2014-100916,"Frank Hawley","Hon 2111 Invitation Series Straight Table",591.32
US-2017-163790,"Nancy Lomonaco","GBC Therma-A-Bind 250T Electric Binding System",590.352
CA-2015-142475,"Bill Stewart","GBC Therma-A-Bind 250T Electric Binding System",590.352
US-2015-103471,"Jim Radford","Atlantic Metals Mobile 4-Shelf Bookcases, Custom Colors",590.058
CA-2015-117800,"Tracy Hopkins","Polycom VoiceStation 500 Conference phone",589.9
CA-2014-166891,"Chris Cortes","Office Star - Contemporary Task Swivel chair with Loop Arms, Charcoal",589.41
CA-2017-152975,"Roger Barcio","Office Star - Contemporary Task Swivel chair with Loop Arms, Charcoal",589.41
CA-2016-167115,"Evan Henry","Ibico Ibimaster 300 Manual Binding System",588.784
CA-2014-114790,"Filia McAdams","Panasonic KX-TG9471B",587.97
CA-2017-149048,"Brian Moss","Plantronics Calisto P620-M USB Wireless Speakerphone System",587.97
CA-2015-102491,"Katrina Willman","LG G3",587.97
CA-2015-146255,"Eugene Moren","LG G3",587.97
CA-2015-130456,"David Smith","Sauder Camden County Collection Library",586.398
US-2014-141257,"Carlos Soltero","Hon Deluxe Fabric Upholstered Stacking Chairs, Squared Back",585.552
CA-2014-132451,"Karen Ferguson","Hon Deluxe Fabric Upholstered Stacking Chairs, Rounded Back",585.552
CA-2016-109722,"Theone Pippenger","Fellowes Bankers Box Staxonsteel Drawer File/Stacking System",584.82
CA-2014-162992,"Bart Pistole","Wi-Ex zBoost YX540 Cellular Phone Signal Booster",583.8
CA-2015-130848,"Deirdre Greer","Global Highback Leather Tilter in Burgundy",582.336
CA-2016-122063,"Michael Moore","Hon 5100 Series Wood Tables",581.96
CA-2017-148404,"Dean percer","Adjustable Depth Letter/Legal Cart",580.672
CA-2014-124688,"Corey Catlett","GE 30522EE2",579.95
CA-2014-156160,"Adam Shillingsburg","Office Star - Mid Back Dual function Ergonomic High Back Chair with 2-Way Adjustable Arms",579.528
CA-2016-123358,"Brian Thompson","Fellowes Staxonsteel Drawer Files",579.51
CA-2017-120019,"Nat Gilpin","Fellowes Staxonsteel Drawer Files",579.51
CA-2016-145919,"Henry Goldwyn","Premier Electric Letter Opener",579.3
CA-2017-130141,"Helen Abelman","Office Star - Ergonomic Mid Back Chair with 2-Way Adjustable Arms",579.136
CA-2016-137050,"Steven Ward","O'Sullivan 2-Door Barrister Bookcase in Odessa Pine",579.136
CA-2015-114811,"Keith Dawkins","Hon 4070 Series Pagoda Round Back Stacking Chairs",577.764
CA-2015-147690,"Sam Craven","Iceberg Mobile Mega Data/Printer Cart ",577.584
CA-2014-123225,"Michael Nguyen","Polycom VVX 310 VoIP phone",575.968
CA-2014-140732,"Matt Abelman","Mophie Juice Pack Helium for iPhone",575.928
CA-2014-153983,"Alan Hwang","Wilson SignalBoost 841262 DB PRO Amplifier Kit",575.92
CA-2014-160773,"Laurel Workman","Wilson SignalBoost 841262 DB PRO Amplifier Kit",575.92
CA-2014-152618,"Rick Bensley","Hewlett-Packard Deskjet 6540 Color Inkjet Printer",574.91
CA-2014-125829,"William Brown","Bevis Round Conference Table Top, X-Base",573.728
CA-2016-122581,"Jay Kimmel","Leather Task Chair, Black",573.174
CA-2015-156566,"Eric Murdock","Wilson Electronics DB Pro Signal Booster",572.8
CA-2016-137043,"Logan Currie","Electrix Architect's Clamp-On Swing Arm Lamp, Black",572.76
